RL;Jugador;País;Posc;Equipo;Edad;Nacimiento;PJ;Titular;Mín;90 s;Gls.;Ass;G-TP;TP;TPint;TA;TR;Gls.;Ast;G+A;G-TP;G+A-TP;Dis;DaP;% de TT;T/90;TalArc/90;G/T;G/TalArc;Dist;FK;TP;TPint;TA;TR;2a amarilla;Fls;FR;PA;Pcz;Int;TklG;Penal ejecutado;Penal concedido;GC;Recup.;Ganados;Perdidos;% de ganados
1;Sabit Abdulai;GHA;CC;Getafe;21;1999;1;0;6;0.1;0;0;0;0;0;0;0;0.00;0.00;0.00;0.00;0.00;0;0;;0.00;0.00;;;;0;0;0;0;0;0;0;1;0;0;0;0;0;0;0;1;0;1;0.0
2;Marcos Acuña;ARG;DF;Sevilla;29;1991;22;19;1668;18.5;1;1;1;0;0;2;0;0.05;0.05;0.11;0.05;0.11;13;2;15.4;0.70;0.11;0.08;0.50;20.6;0;0;0;2;0;0;32;18;1;48;22;33;0;1;0;167;14;23;37.8
3;Bobby Adekanye;NED;DL,CC;Cádiz;22;1999;3;0;36;0.4;0;0;0;0;0;0;0;0.00;0.00;0.00;0.00;0.00;1;0;0.0;2.50;0.00;0.00;;17.5;0;0;0;0;0;0;1;0;0;2;0;0;0;0;0;4;0;0;
4;Martin Agirregabiria;ESP;DF,CC;Alavés;24;1996;18;10;969;10.8;0;1;0;0;0;1;0;0.00;0.09;0.09;0.00;0.09;2;0;0.0;0.19;0.00;0.00;;14.3;0;0;0;1;0;0;15;14;1;16;25;9;0;0;0;62;11;18;37.9
5;Joseph Aidoo;GHA;DF;Celta Vigo;25;1995;20;10;951;10.6;0;0;0;0;0;3;0;0.00;0.00;0.00;0.00;0.00;5;0;0.0;0.47;0.00;0.00;;17.6;0;0;0;3;0;0;12;11;1;1;9;13;0;0;0;117;34;32;51.5
6;Carlos Akapo;EQG;DF;Cádiz;28;1993;7;5;441;4.9;0;0;0;0;0;2;1;0.00;0.00;0.00;0.00;0.00;0;0;;0.00;0.00;;;;0;0;0;2;1;1;5;1;0;9;5;9;0;0;0;51;11;4;73.3
7;Paul Akouokou;CIV;CC;Betis;23;1997;9;4;374;4.2;0;0;0;0;0;5;1;0.00;0.00;0.00;0.00;0.00;0;0;;0.00;0.00;;;;0;0;0;5;1;1;11;2;0;2;6;8;0;0;0;36;8;8;50.0
8;Jony Álamo;ESP;CC;Elche;19;2001;1;1;73;0.8;0;0;0;0;0;0;0;0.00;0.00;0.00;0.00;0.00;1;0;0.0;1.23;0.00;0.00;;26.0;0;0;0;0;0;0;0;2;0;0;0;1;0;0;0;7;0;1;0.0
9;Jordi Alba;ESP;DF;Barcelona;32;1989;26;26;2260;25.1;3;4;3;0;0;7;0;0.12;0.16;0.28;0.12;0.28;20;11;55.0;0.80;0.44;0.15;0.27;20.3;1;0;0;7;0;0;16;12;7;79;32;19;0;0;1;227;3;12;20.0
10;Raúl Albiol;ESP;DF;Villarreal;35;1985;28;28;2500;27.8;0;0;0;0;0;6;0;0.00;0.00;0.00;0.00;0.00;7;1;14.3;0.25;0.04;0.00;0.00;14.5;0;0;0;6;0;0;11;16;1;3;19;15;0;1;0;244;50;42;54.3
11;Paco Alcácer;ESP;DL;Villarreal;27;1993;19;14;1124;12.5;5;3;4;1;2;0;0;0.40;0.24;0.64;0.32;0.56;29;12;41.4;2.32;0.96;0.14;0.33;14.0;3;1;2;0;0;0;6;7;14;3;6;3;0;0;0;29;7;30;18.9
12;Pedro Alcalá;ESP;DF;Cádiz;32;1989;10;6;723;8.0;0;0;0;0;0;2;0;0.00;0.00;0.00;0.00;0.00;1;0;0.0;0.12;0.00;0.00;;9.0;0;0;0;2;0;0;12;5;1;0;17;7;0;0;1;42;15;14;51.7
13;Rubén Alcaraz;ESP;CC;Valladolid;29;1991;23;19;1689;18.8;1;0;1;0;0;7;0;0.05;0.00;0.05;0.05;0.05;20;2;10.0;1.07;0.11;0.05;0.50;24.6;2;0;0;7;0;0;35;26;0;4;20;29;0;0;0;228;44;49;47.3
14;Iván Alejo;ESP;CC,DL;Cádiz;26;1995;15;2;426;4.7;1;1;1;0;0;3;0;0.21;0.21;0.42;0.21;0.42;9;3;33.3;1.90;0.63;0.11;0.33;17.4;0;0;0;3;0;0;15;13;3;25;1;5;0;0;0;32;11;5;68.8
15;Carles Aleñá;ESP;CC,DL;Getafe;23;1998;13;9;876;9.7;1;2;1;0;0;1;0;0.10;0.21;0.31;0.10;0.31;18;4;22.2;1.85;0.41;0.06;0.25;19.3;0;0;0;1;0;0;15;19;0;12;4;5;0;0;0;70;10;28;26.3
16;Carles Aleñá;ESP;CC;Barcelona;23;1998;2;0;48;0.5;0;0;0;0;0;1;0;0.00;0.00;0.00;0.00;0.00;1;0;0.0;1.87;0.00;0.00;;17.5;0;0;0;1;0;0;4;0;0;0;0;0;0;0;0;3;2;0;100.0
17;Alfon;ESP;CC;Celta Vigo;21;1999;2;0;34;0.4;0;0;0;0;0;0;0;0.00;0.00;0.00;0.00;0.00;1;1;100.0;2.65;2.65;0.00;0.00;18.4;0;0;0;0;0;0;0;4;0;0;0;0;0;0;0;2;0;0;
18;Sergio Álvarez;ESP;CC;Eibar;29;1992;22;14;1294;14.4;0;0;0;0;0;3;0;0.00;0.00;0.00;0.00;0.00;5;2;40.0;0.35;0.14;0.00;0.00;16.8;0;0;0;3;0;0;32;16;0;5;8;21;0;0;0;204;42;40;51.2
19;Yeray Álvarez;ESP;DF;Athletic Club;26;1995;20;19;1678;18.6;1;0;1;0;0;6;0;0.05;0.00;0.05;0.05;0.05;10;1;10.0;0.54;0.05;0.10;1.00;12.5;0;0;0;6;0;0;17;15;0;2;34;16;0;0;0;194;65;38;63.1
20;Jon Ander Garrido;ESP;CC;Cádiz;31;1989;17;5;593;6.6;0;0;0;0;0;1;0;0.00;0.00;0.00;0.00;0.00;5;1;20.0;0.76;0.15;0.00;0.00;12.7;0;0;0;1;0;0;11;4;0;2;7;12;0;0;0;69;17;21;44.7
21;Ángel;ESP;PO;Granada;18;2002;1;1;90;1.0;0;0;0;0;0;0;0;0.00;0.00;0.00;0.00;0.00;0;0;;0.00;0.00;;;;0;0;0;0;0;0;0;0;0;0;0;0;0;0;0;2;0;0;
22;Miguel Ángel Rubio;ESP;DF;Valladolid;23;1998;1;1;90;1.0;0;0;0;0;0;0;0;0.00;0.00;0.00;0.00;0.00;0;0;;0.00;0.00;;;;0;0;0;0;0;0;2;1;1;0;0;1;0;0;0;14;7;6;53.8
23;José Ángel;ESP;DF;Eibar;31;1989;6;4;307;3.4;0;0;0;0;0;2;0;0.00;0.00;0.00;0.00;0.00;1;0;0.0;0.29;0.00;0.00;;29.1;0;0;0;2;0;0;4;0;0;12;1;2;0;0;0;54;8;5;61.5
24;Aritz Arambarri;ESP;DF;Real Sociedad;23;1998;1;0;26;0.3;0;0;0;0;0;0;0;0.00;0.00;0.00;0.00;0.00;1;0;0.0;3.46;0.00;0.00;;7.0;0;0;0;0;0;0;0;0;0;0;0;0;0;0;0;4;1;1;50.0
25;Mauro Arambarri;URU;CC;Getafe;25;1995;27;27;2405;26.7;3;0;3;0;0;8;0;0.11;0.00;0.11;0.11;0.11;34;7;20.6;1.27;0.26;0.09;0.43;24.8;5;0;0;8;0;0;43;67;1;41;42;45;0;0;0;287;41;53;43.6
26;Néstor Araujo;MEX;DF;Celta Vigo;29;1991;26;21;1962;21.8;0;0;0;0;0;4;0;0.00;0.00;0.00;0.00;0.00;5;0;0.0;0.23;0.00;0.00;;10.8;0;0;0;4;0;0;26;4;0;2;25;14;0;0;0;228;55;30;64.7
27;Ronald Araújo;URU;DF;Barcelona;22;1999;16;11;1031;11.5;1;1;1;0;0;0;0;0.09;0.09;0.17;0.09;0.17;6;2;33.3;0.52;0.17;0.17;0.50;9.8;0;0;0;0;0;0;6;14;1;0;9;12;1;0;0;107;40;8;83.3
28;Anaitz Arbilla;ESP;DF;Eibar;33;1987;25;21;1997;22.2;0;1;0;0;0;7;0;0.00;0.05;0.05;0.00;0.05;21;1;4.8;0.95;0.05;0.00;0.00;28.2;3;0;0;7;0;0;32;10;0;28;34;19;0;2;0;338;61;42;59.2
29;Unai Arietaleanizbeaskoa;ESP;DL,CC;Eibar;22;1999;3;0;39;0.4;0;0;0;0;0;1;0;0.00;0.00;0.00;0.00;0.00;0;0;;0.00;0.00;;;;0;0;0;1;0;0;3;1;2;0;0;0;0;0;0;1;0;2;0.0
30;Sergio Arribas;ESP;DL,DF;Real Madrid;19;2001;6;0;114;1.3;0;0;0;0;0;1;0;0.00;0.00;0.00;0.00;0.00;1;1;100.0;0.79;0.79;0.00;0.00;25.3;0;0;0;1;0;0;1;2;2;1;3;1;0;0;0;10;0;1;0.0
31;Sergio Asenjo;ESP;PO;Villarreal;31;1989;29;29;2610;29.0;0;0;0;0;0;1;0;0.00;0.00;0.00;0.00;0.00;0;0;;0.00;0.00;;;;0;0;0;1;0;0;0;2;0;0;0;0;0;0;0;112;0;0;
32;Marco Asensio;ESP;DL;Real Madrid;25;1996;26;17;1433;15.9;4;2;4;0;0;1;0;0.25;0.13;0.38;0.25;0.38;29;8;27.6;1.82;0.50;0.14;0.50;18.4;3;0;0;1;0;0;4;27;6;53;8;10;0;0;0;92;7;5;58.3
33;Iago Aspas;ESP;DL;Celta Vigo;33;1987;25;25;2182;24.2;10;10;7;3;3;5;0;0.41;0.41;0.82;0.29;0.70;36;16;44.4;1.48;0.66;0.19;0.44;15.4;5;3;3;5;0;0;19;46;10;31;15;5;0;0;0;123;13;42;23.6
34;Miguel Atienza;ESP;CC,DL;Eibar;21;1999;3;1;127;1.4;0;0;0;0;0;1;0;0.00;0.00;0.00;0.00;0.00;1;0;0.0;0.71;0.00;0.00;;21.0;0;0;0;1;0;0;2;1;0;0;1;5;0;0;0;11;3;4;42.9
35;Ezequiel Ávila;ARG;DL;Osasuna;27;1994;1;0;14;0.2;0;0;0;0;0;0;0;0.00;0.00;0.00;0.00;0.00;1;1;100.0;6.43;6.43;0.00;0.00;13.0;0;0;0;0;0;0;0;1;0;1;0;0;0;0;0;1;0;0;
36;Ramon Azeez;NGA;CC,DF;Granada;28;1992;2;1;101;1.1;0;0;0;0;0;0;0;0.00;0.00;0.00;0.00;0.00;2;0;0.0;1.78;0.00;0.00;;13.0;0;0;0;0;0;0;1;1;0;1;0;3;0;0;0;12;4;1;80.0
37;Carlos Bacca;COL;DL;Villarreal;34;1986;19;6;567;6.3;2;0;2;0;0;1;0;0.32;0.00;0.32;0.32;0.32;15;8;53.3;2.38;1.27;0.13;0.25;13.1;0;0;0;1;0;0;8;5;5;5;2;6;0;0;0;19;12;18;40.0
38;Édgar Badía;ESP;PO;Elche;29;1992;29;29;2610;29.0;0;0;0;0;0;0;0;0.00;0.00;0.00;0.00;0.00;0;0;;0.00;0.00;;;;0;0;0;0;0;0;0;4;0;0;0;0;0;0;0;144;0;0;
39;Alex Baena;ESP;CC;Villarreal;19;2001;3;2;125;1.4;0;0;0;0;0;0;0;0.00;0.00;0.00;0.00;0.00;2;1;50.0;1.44;0.72;0.00;0.00;24.0;0;0;0;0;0;0;1;4;0;3;2;0;0;0;0;5;0;2;0.0
40;Miguel Baeza;ESP;CC,DL;Celta Vigo;21;2000;18;4;492;5.5;1;0;1;0;0;0;0;0.18;0.00;0.18;0.18;0.18;11;2;18.2;2.01;0.37;0.09;0.50;14.1;0;0;0;0;0;0;4;8;4;5;6;5;0;0;0;32;10;9;52.6
41;Mikel Balenziaga;ESP;DF;Athletic Club;33;1988;14;8;879;9.8;0;1;0;0;0;0;0;0.00;0.10;0.10;0.00;0.10;2;1;50.0;0.20;0.10;0.00;0.00;30.7;1;0;0;0;0;0;9;11;1;17;5;13;0;0;0;80;9;11;45.0
42;Barcia;ESP;DF;Granada;20;2000;1;1;90;1.0;0;0;0;0;0;1;0;0.00;0.00;0.00;0.00;0.00;0;0;;0.00;0.00;;;;0;0;0;1;0;0;2;1;0;1;1;0;1;0;0;14;4;0;100.0
43;Enis Bardhi;MKD;CC,DL;Levante;25;1995;18;12;1125;12.5;1;2;1;0;0;2;0;0.08;0.16;0.24;0.08;0.24;28;11;39.3;2.24;0.88;0.04;0.09;20.2;3;0;0;2;0;0;18;14;3;23;17;15;0;0;0;96;2;18;10.0
44;Kike Barja;ESP;CC,DL;Osasuna;24;1997;26;11;987;11.0;1;3;1;0;0;2;0;0.09;0.27;0.36;0.09;0.36;12;7;58.3;1.09;0.64;0.08;0.14;14.7;0;0;0;2;0;0;14;18;1;41;14;6;1;0;0;82;17;16;51.5
45;Marc Baró Ortiz;ESP;DF;Cádiz;21;1999;1;1;90;1.0;0;0;0;0;0;0;0;0.00;0.00;0.00;0.00;0.00;1;1;100.0;1.00;1.00;0.00;0.00;23.6;0;0;0;0;0;0;1;3;0;2;3;1;0;0;0;5;0;0;
46;Antonio Barragán;ESP;DF;Elche;33;1987;21;21;1785;19.8;0;3;0;0;0;6;0;0.00;0.15;0.15;0.00;0.15;4;0;0.0;0.20;0.00;0.00;;14.4;0;0;0;6;0;0;31;22;2;27;27;11;1;1;0;126;21;16;56.8
47;Ander Barrenetxea;ESP;CC,DL;Real Sociedad;19;2001;24;10;963;10.7;3;0;3;0;0;5;0;0.28;0.00;0.28;0.28;0.28;18;6;33.3;1.68;0.56;0.17;0.50;18.6;0;0;0;5;0;0;29;15;3;22;7;14;0;0;0;80;4;22;15.4
48;Marc Bartra;ESP;DF;Betis;30;1991;13;13;1154;12.8;0;0;0;0;0;3;0;0.00;0.00;0.00;0.00;0.00;11;4;36.4;0.86;0.31;0.00;0.00;18.0;0;0;0;3;0;0;25;10;1;3;18;9;0;3;0;136;32;20;61.5
49;Rodrigo Battaglia;ARG;CC;Alavés;29;1991;24;22;1849;20.5;0;0;0;0;0;7;1;0.00;0.00;0.00;0.00;0.00;11;3;27.3;0.54;0.15;0.00;0.00;14.4;0;0;0;7;1;0;23;22;1;3;10;26;0;0;0;189;33;16;67.3
50;Jon Bautista;ESP;DL,CC;Real Sociedad;25;1995;14;0;237;2.6;0;0;0;0;0;2;0;0.00;0.00;0.00;0.00;0.00;6;1;16.7;2.28;0.38;0.00;0.00;16.6;0;0;0;2;0;0;7;3;2;2;0;3;0;0;0;11;11;18;37.9
51;Fran Beltrán;ESP;CC;Celta Vigo;22;1999;23;9;896;10.0;3;0;3;0;0;3;0;0.30;0.00;0.30;0.30;0.30;15;6;40.0;1.51;0.60;0.20;0.50;19.3;0;0;0;3;0;0;13;6;0;3;7;11;0;0;0;94;6;12;33.3
52;Sergio Benito;ESP;DL;Valladolid;22;1999;1;0;2;0.0;0;0;0;0;0;0;0;0.00;0.00;0.00;0.00;0.00;0;0;;0.00;0.00;;;;0;0;0;0;0;0;0;0;0;0;0;0;0;0;0;0;0;0;
53;Karim Benzema;FRA;DL;Real Madrid;33;1987;25;25;2198;24.4;18;6;18;0;0;2;0;0.74;0.25;0.98;0.74;0.98;98;41;41.8;4.01;1.68;0.18;0.44;14.5;4;0;0;2;0;0;15;22;21;18;8;5;0;0;0;85;21;22;48.8
54;Yuri Berchiche;ESP;DF;Athletic Club;31;1990;23;21;1682;18.7;1;3;1;0;0;3;0;0.05;0.16;0.21;0.05;0.21;16;6;37.5;0.86;0.32;0.06;0.17;19.0;0;0;0;3;0;0;18;30;1;64;16;23;1;0;0;176;23;14;62.2
55;Álex Berenguer;ESP;DL,CC;Athletic Club;25;1995;26;20;1687;18.7;7;3;7;0;0;3;0;0.37;0.16;0.53;0.37;0.53;39;12;30.8;2.08;0.64;0.18;0.58;16.5;3;0;0;3;0;0;33;29;13;54;16;22;1;0;0;104;16;25;39.0
56;Pedro Bigas;ESP;DF;Eibar;30;1990;20;19;1514;16.8;0;0;0;0;0;1;0;0.00;0.00;0.00;0.00;0.00;10;1;10.0;0.59;0.06;0.00;0.00;12.9;0;0;0;1;0;0;21;6;0;6;16;12;0;2;0;218;60;25;70.6
57;Alejandro Blanco;ESP;CC;Valencia;22;1998;12;6;557;6.2;1;0;1;0;0;1;0;0.16;0.00;0.16;0.16;0.16;7;2;28.6;1.13;0.32;0.14;0.50;15.6;0;0;0;1;0;0;4;7;2;6;6;2;0;0;0;34;2;7;22.2
58;Rubén Blanco;ESP;PO;Celta Vigo;25;1995;19;19;1637;18.2;0;0;0;0;0;0;1;0.00;0.00;0.00;0.00;0.00;0;0;;0.00;0.00;;;;0;0;0;0;1;0;1;2;0;0;0;0;0;0;0;88;0;0;
59;Yann Bodiger;FRA;CC;Cádiz;26;1995;9;2;251;2.8;0;0;0;0;0;0;0;0.00;0.00;0.00;0.00;0.00;0;0;;0.00;0.00;;;;0;0;0;0;0;0;9;3;0;1;6;2;0;0;0;29;10;15;40.0
60;Yassine Bounou;MAR;PO;Sevilla;30;1991;25;25;2250;25.0;1;0;1;0;0;3;0;0.04;0.00;0.04;0.04;0.04;1;1;100.0;0.04;0.04;1.00;1.00;8.0;0;0;0;3;0;0;0;1;0;0;0;0;0;0;1;103;0;0;
61;Lucas Boyé;ARG;DL;Elche;25;1996;25;23;1917;21.3;5;1;5;0;0;7;1;0.23;0.05;0.28;0.23;0.28;35;15;42.9;1.64;0.70;0.14;0.33;16.5;0;0;0;7;1;1;69;26;7;6;12;16;0;0;0;110;20;92;17.9
62;Martin Braithwaite;DEN;DL;Barcelona;29;1991;25;11;1089;12.1;2;2;2;0;1;3;0;0.17;0.17;0.33;0.17;0.33;21;7;33.3;1.74;0.58;0.10;0.29;11.6;0;0;1;3;0;0;11;20;14;7;7;6;0;0;0;38;14;14;50.0
63;Darko Brašanac;SRB;CC;Osasuna;29;1992;9;4;416;4.6;1;0;1;0;0;1;0;0.22;0.00;0.22;0.22;0.22;4;2;50.0;0.87;0.43;0.25;0.50;17.4;0;0;0;1;0;0;14;6;1;2;2;10;0;0;0;47;14;12;53.8
64;Álvaro Bravo;ESP;CC;Granada;23;1998;1;0;15;0.2;0;0;0;0;0;0;0;0.00;0.00;0.00;0.00;0.00;0;0;;0.00;0.00;;;;0;0;0;0;0;0;0;0;0;0;0;1;0;0;0;2;2;1;66.7
65;Claudio Bravo;CHI;PO;Betis;37;1983;11;11;990;11.0;0;0;0;0;0;0;0;0.00;0.00;0.00;0.00;0.00;0;0;;0.00;0.00;;;;0;0;0;0;0;0;0;0;0;0;0;0;0;0;0;48;0;0;
66;Yan Brice Eteki;CMR;CC;Granada;23;1997;19;11;949;10.5;0;0;0;0;0;0;1;0.00;0.00;0.00;0.00;0.00;3;2;66.7;0.28;0.19;0.00;0.00;17.5;0;0;0;0;1;0;34;14;0;1;9;15;0;1;0;90;17;16;51.5
67;Juan Brunet;ARG;CC;Granada;23;1998;1;0;23;0.3;0;0;0;0;0;0;0;0.00;0.00;0.00;0.00;0.00;0;0;;0.00;0.00;;;;0;0;0;0;0;0;1;0;0;0;0;0;0;0;0;2;1;0;100.0
68;Bryan;ESP;DL;Sevilla;20;2001;1;0;13;0.1;0;0;0;0;0;0;0;0.00;0.00;0.00;0.00;0.00;0;0;;0.00;0.00;;;;0;0;0;0;0;0;1;0;0;0;0;1;0;0;0;1;1;1;50.0
69;Bryan;ESP;CC,DL;Eibar;20;2001;21;20;1751;19.5;3;2;3;0;0;5;0;0.15;0.10;0.26;0.15;0.26;31;9;29.0;1.59;0.46;0.10;0.33;17.9;1;0;0;5;0;0;23;34;8;84;12;13;0;0;0;138;11;40;21.6
70;Ante Budimir;CRO;DL;Osasuna;29;1991;21;12;1078;12.0;6;0;6;0;0;2;0;0.50;0.00;0.50;0.50;0.50;33;14;42.4;2.76;1.17;0.18;0.43;11.6;0;0;0;2;0;0;20;23;19;4;1;12;0;0;0;57;89;60;59.7
71;Esteban Burgos;ARG;DF;Eibar;29;1992;13;11;1021;11.3;3;1;1;2;3;5;0;0.26;0.09;0.35;0.09;0.18;3;2;66.7;0.26;0.18;0.33;0.50;18.5;0;2;3;5;0;0;14;3;1;0;11;7;0;0;0;168;38;32;54.3
72;Burgui;ESP;CC;Alavés;27;1993;1;0;21;0.2;0;0;0;0;0;0;0;0.00;0.00;0.00;0.00;0.00;0;0;;0.00;0.00;;;;0;0;0;0;0;0;0;1;0;0;0;1;0;0;0;2;1;0;100.0
73;Sergio Busquets;ESP;CC;Barcelona;32;1988;27;23;1833;20.4;0;3;0;0;0;7;0;0.00;0.15;0.15;0.00;0.15;1;1;100.0;0.05;0.05;0.00;0.00;24.0;0;0;0;7;0;0;32;44;0;3;24;27;0;0;0;231;36;29;55.4
74;Erick Cabaco;URU;DF;Getafe;25;1995;19;15;1323;14.7;0;0;0;0;0;9;0;0.00;0.00;0.00;0.00;0.00;4;0;0.0;0.27;0.00;0.00;;10.5;0;0;0;9;0;0;24;20;1;3;12;17;0;0;0;140;52;19;73.2
75;Cala;ESP;DF;Cádiz;31;1989;24;23;1957;21.7;2;0;2;0;0;8;0;0.09;0.00;0.09;0.09;0.09;11;4;36.4;0.51;0.18;0.18;0.50;13.9;0;0;0;8;0;0;30;28;1;0;21;23;1;1;0;181;45;32;58.4
76;Jonathan Calleri;ARG;DL;Osasuna;27;1993;23;19;1452;16.1;4;1;4;0;0;4;0;0.25;0.06;0.31;0.25;0.31;47;16;34.0;2.91;0.99;0.09;0.25;13.7;0;0;0;4;0;0;40;38;12;14;5;6;0;0;0;70;84;88;48.8
77;Dani Calvo;ESP;DF;Elche;27;1994;15;11;1059;11.8;2;0;2;0;0;2;0;0.17;0.00;0.17;0.17;0.17;6;3;50.0;0.51;0.25;0.33;0.67;9.0;0;0;0;2;0;0;12;7;1;1;13;11;0;1;0;61;39;24;61.9
78;José Campaña;ESP;CC;Levante;27;1993;9;8;748;8.3;1;2;0;1;1;0;0;0.12;0.24;0.36;0.00;0.24;12;4;33.3;1.44;0.48;0.00;0.00;22.3;1;1;1;0;0;0;7;13;1;16;8;8;0;0;0;76;6;8;42.9
79;Sergio Canales;ESP;CC,DL;Betis;30;1991;23;21;1870;20.8;7;6;5;2;3;4;0;0.34;0.29;0.63;0.24;0.53;36;8;22.2;1.73;0.39;0.14;0.63;21.1;5;2;3;4;0;0;12;18;1;36;12;9;0;0;0;137;7;24;22.6
80;Ander Capa;ESP;DF;Athletic Club;29;1992;26;23;1996;22.2;2;1;2;0;0;4;0;0.09;0.05;0.14;0.09;0.14;9;6;66.7;0.41;0.27;0.22;0.33;14.5;0;0;0;4;0;0;23;9;1;54;22;21;0;1;0;201;22;20;52.4
81;Étienne Capoue;FRA;CC;Villarreal;32;1988;9;9;711;7.9;0;0;0;0;0;4;1;0.00;0.00;0.00;0.00;0.00;2;0;0.0;0.25;0.00;0.00;;17.6;0;0;0;4;1;0;20;13;0;0;11;8;0;1;0;65;17;4;81.0
82;Isaac Carcelen;ESP;DF;Cádiz;27;1993;24;24;1963;21.8;0;0;0;0;0;0;0;0.00;0.00;0.00;0.00;0.00;7;3;42.9;0.32;0.14;0.00;0.00;24.3;5;0;0;0;0;0;11;41;0;24;30;27;0;1;0;211;29;23;55.8
83;Cárdenas;ESP;PO;Levante;24;1997;3;3;270;3.0;0;0;0;0;0;1;0;0.00;0.00;0.00;0.00;0.00;0;0;;0.00;0.00;;;;0;0;0;1;0;0;0;0;0;0;0;0;0;0;0;15;0;0;
84;Marc Cardona;ESP;DL,CC;Osasuna;25;1995;3;0;53;0.6;0;0;0;0;0;0;0;0.00;0.00;0.00;0.00;0.00;1;1;100.0;1.70;1.70;0.00;0.00;8.5;0;0;0;0;0;0;3;1;1;1;0;0;0;0;0;7;0;2;0.0
85;Diego Carlos;BRA;DF;Sevilla;28;1993;25;24;2113;23.5;1;0;1;0;0;6;0;0.04;0.00;0.04;0.04;0.04;13;5;38.5;0.55;0.21;0.08;0.20;10.1;0;0;0;6;0;0;33;17;0;3;19;17;0;2;1;185;52;37;58.4
86;Juan Carlos;ESP;CC,DL;Huesca;30;1991;15;3;291;3.2;0;1;0;0;0;0;0;0.00;0.31;0.31;0.00;0.31;4;1;25.0;1.24;0.31;0.00;0.00;11.7;0;0;0;0;0;0;13;7;0;2;3;3;0;0;0;24;5;5;50.0
87;Yannick Carrasco;BEL;DF,CC;Atlético Madrid;27;1993;21;16;1397;15.5;2;4;2;0;0;5;0;0.13;0.26;0.39;0.13;0.39;23;15;65.2;1.48;0.97;0.09;0.13;18.9;1;0;0;5;0;0;22;23;2;48;14;17;0;1;0;119;2;11;15.4
88;Sergio Carreira;ESP;DF;Celta Vigo;20;2000;3;3;259;2.9;1;0;1;0;0;0;0;0.35;0.00;0.35;0.35;0.35;2;1;50.0;0.69;0.35;0.50;1.00;8.1;0;0;0;0;0;0;2;2;0;4;1;2;0;0;0;16;1;1;50.0
89;Guido Carrillo;ARG;DL;Elche;29;1991;17;10;844;9.4;3;1;3;0;0;3;0;0.32;0.11;0.43;0.32;0.43;19;6;31.6;2.03;0.64;0.16;0.50;12.3;0;0;0;3;0;0;23;10;2;2;6;6;0;0;0;43;70;51;57.9
90;Dani Carvajal;ESP;DF;Real Madrid;29;1992;11;10;853;9.5;0;2;0;0;0;5;0;0.00;0.21;0.21;0.00;0.21;10;2;20.0;1.06;0.21;0.00;0.00;23.4;0;0;0;5;0;0;15;10;0;17;15;19;0;1;0;87;10;7;58.8
91;William Carvalho;POR;CC;Betis;29;1992;22;11;1095;12.2;2;0;2;0;0;6;1;0.16;0.00;0.16;0.16;0.16;13;6;46.2;1.07;0.49;0.15;0.33;16.3;0;0;0;6;1;1;16;11;0;2;8;16;0;0;0;110;28;19;59.6
92;Casemiro;BRA;CC;Real Madrid;29;1992;26;24;2205;24.5;5;2;5;0;0;8;0;0.20;0.08;0.29;0.20;0.29;33;8;24.2;1.35;0.33;0.15;0.63;16.3;0;0;0;8;0;0;43;43;3;7;47;47;0;0;0;283;84;66;56.0
93;Sofian Chakla;MAR;DF;Getafe;27;1993;9;8;742;8.2;0;0;0;0;0;5;0;0.00;0.00;0.00;0.00;0.00;2;1;50.0;0.24;0.12;0.00;0.00;9.0;0;0;0;5;0;0;13;15;0;0;10;5;0;2;0;95;35;13;72.9
94;Sofian Chakla;MAR;DF;Villarreal;27;1993;1;0;13;0.1;0;0;0;0;0;0;0;0.00;0.00;0.00;0.00;0.00;1;0;0.0;6.92;0.00;0.00;;11.0;0;0;0;0;0;0;0;0;0;0;0;0;0;0;0;2;2;0;100.0
95;Chema;ESP;DF,CC;Getafe;29;1992;5;4;277;3.1;0;0;0;0;0;2;1;0.00;0.00;0.00;0.00;0.00;1;0;0.0;0.32;0.00;0.00;;48.0;0;0;0;2;1;0;5;3;0;0;2;2;0;0;0;37;4;5;44.4
96;Denis Cheryshev;RUS;CC;Valencia;30;1990;14;10;825;9.2;0;2;0;0;0;2;0;0.00;0.22;0.22;0.00;0.22;20;5;25.0;2.18;0.55;0.00;0.00;18.7;0;0;0;2;0;0;19;10;0;25;5;12;0;0;0;54;12;15;44.4
97;Samuel Chukwueze;NGA;CC,DL;Villarreal;21;1999;23;9;1027;11.4;1;2;1;0;0;0;0;0.09;0.18;0.26;0.09;0.26;21;5;23.8;1.84;0.44;0.05;0.20;17.9;0;0;0;0;0;0;10;25;12;27;5;8;1;0;0;71;10;12;45.5
98;Víctor Chust;ESP;DF;Real Madrid;21;2000;1;0;5;0.1;0;0;0;0;0;0;0;0.00;0.00;0.00;0.00;0.00;0;0;;0.00;0.00;;;;0;0;0;0;0;0;1;0;0;0;0;0;0;0;0;1;0;0;
99;Cifu;ESP;DF;Elche;30;1990;9;4;436;4.8;0;0;0;0;0;1;0;0.00;0.00;0.00;0.00;0.00;3;0;0.0;0.62;0.00;0.00;;22.4;0;0;0;1;0;0;6;5;0;9;3;6;0;0;0;49;7;7;50.0
100;Alberto Cifuentes;ESP;PO;Cádiz;41;1979;2;2;180;2.0;0;0;0;0;0;0;0;0.00;0.00;0.00;0.00;0.00;0;0;;0.00;0.00;;;;0;0;0;0;0;0;0;1;0;0;0;0;0;0;0;12;0;0;
101;Jasper Cillessen;NED;PO;Valencia;31;1989;5;5;450;5.0;0;0;0;0;0;0;0;0.00;0.00;0.00;0.00;0.00;0;0;;0.00;0.00;;;;0;0;0;0;0;0;0;0;0;0;0;0;0;0;0;31;0;0;
102;Carlos Clerc;ESP;DF;Levante;29;1992;28;24;2212;24.6;0;2;0;0;0;3;0;0.00;0.08;0.08;0.00;0.08;6;4;66.7;0.24;0.16;0.00;0.00;19.2;1;0;0;3;0;0;31;25;3;70;27;39;1;0;0;225;39;25;60.9
103;Coke;ESP;DF;Levante;33;1987;11;7;509;5.7;0;0;0;0;0;1;0;0.00;0.00;0.00;0.00;0.00;4;1;25.0;0.71;0.18;0.00;0.00;17.1;1;0;0;1;0;0;7;5;0;4;7;8;0;1;0;43;9;13;40.9
104;Francis Coquelin;FRA;CC;Villarreal;29;1991;15;6;512;5.7;0;0;0;0;0;3;0;0.00;0.00;0.00;0.00;0.00;4;0;0.0;0.70;0.00;0.00;;18.2;0;0;0;3;0;0;9;13;0;3;11;7;0;0;0;65;9;6;60.0
105;Iñigo Córdoba;ESP;CC;Alavés;24;1997;7;3;216;2.4;0;0;0;0;0;0;0;0.00;0.00;0.00;0.00;0.00;1;0;0.0;0.42;0.00;0.00;;17.0;0;0;0;0;0;0;7;4;2;6;4;5;0;0;0;20;5;6;45.5
106;Iñigo Córdoba;ESP;DL,CC;Athletic Club;24;1997;3;1;95;1.1;0;0;0;0;0;0;0;0.00;0.00;0.00;0.00;0.00;2;0;0.0;1.89;0.00;0.00;;16.6;0;0;0;0;0;0;3;3;1;1;1;0;0;0;0;11;2;0;100.0
107;Ángel Correa;ARG;DL,CC;Atlético Madrid;26;1995;29;20;1725;19.2;4;6;4;0;0;3;0;0.21;0.31;0.52;0.21;0.52;32;13;40.6;1.67;0.68;0.13;0.31;16.9;0;0;0;3;0;0;31;18;8;25;16;24;0;0;0;134;12;34;26.1
108;Rober Correa;ESP;DF;Eibar;28;1992;9;8;671;7.5;0;0;0;0;0;2;0;0.00;0.00;0.00;0.00;0.00;1;0;0.0;0.13;0.00;0.00;;22.5;0;0;0;2;0;0;3;9;0;14;10;9;1;0;0;92;29;18;61.7
109;Thierry Correia;POR;DF;Valencia;22;1999;22;18;1633;18.1;0;1;0;0;0;6;1;0.00;0.06;0.06;0.00;0.06;6;1;16.7;0.33;0.06;0.00;0.00;19.9;0;0;0;6;1;1;27;32;2;42;22;24;0;0;0;156;27;25;51.9
110;Diego Costa;ESP;DL;Atlético Madrid;32;1988;7;2;208;2.3;2;0;1;1;1;1;0;0.87;0.00;0.87;0.43;0.43;4;2;50.0;1.73;0.87;0.25;0.50;13.1;0;1;1;1;0;0;7;3;5;2;0;0;1;0;0;3;9;15;37.5
111;Jaume Costa;ESP;DF,CC;Villarreal;33;1988;12;2;297;3.3;0;1;0;0;0;1;0;0.00;0.30;0.30;0.00;0.30;2;0;0.0;0.61;0.00;0.00;;15.2;0;0;0;1;0;0;7;6;0;5;8;3;0;0;0;28;3;3;50.0
112;Thibaut Courtois;BEL;PO;Real Madrid;28;1992;29;29;2610;29.0;0;0;0;0;0;0;0;0.00;0.00;0.00;0.00;0.00;0;0;;0.00;0.00;;;;0;0;0;0;0;0;1;3;0;0;0;0;0;1;0;132;0;0;
113;Philippe Coutinho;BRA;CC,DL;Barcelona;28;1992;12;8;654;7.3;2;2;2;0;0;0;0;0.28;0.28;0.55;0.28;0.55;28;9;32.1;3.85;1.24;0.07;0.22;17.0;0;0;0;0;0;0;9;13;1;10;4;6;0;0;0;39;3;9;25.0
114;Juan Cruz Armada;ESP;DF;Osasuna;28;1992;21;19;1693;18.8;0;0;0;0;0;3;0;0.00;0.00;0.00;0.00;0.00;1;0;0.0;0.05;0.00;0.00;;20.1;0;0;0;3;0;0;10;4;1;33;8;17;0;1;0;158;23;23;50.0
115;Sergio Cubero Ezcurra;ESP;CC;Eibar;21;1999;1;0;1;0.0;0;0;0;0;0;0;0;0.00;0.00;0.00;0.00;0.00;0;0;;0.00;0.00;;;;0;0;0;0;0;0;0;0;0;0;0;0;0;0;0;0;0;0;
116;Cucho;COL;DL,CC;Getafe;21;1999;21;18;1423;15.8;2;3;2;0;0;4;0;0.13;0.19;0.32;0.13;0.32;26;11;42.3;1.64;0.70;0.08;0.18;15.6;1;0;0;4;0;0;33;31;10;31;5;10;0;0;0;96;40;72;35.7
117;Marc Cucurella;ESP;CC;Getafe;22;1998;28;28;2498;27.8;3;1;3;0;0;6;0;0.11;0.04;0.14;0.11;0.14;23;8;34.8;0.83;0.29;0.13;0.38;17.0;0;0;0;6;0;0;49;46;6;67;44;45;0;0;0;229;55;89;38.2
118;Patrick Cutrone;ITA;DL;Valencia;23;1998;5;0;61;0.7;0;0;0;0;0;0;0;0.00;0.00;0.00;0.00;0.00;1;0;0.0;1.48;0.00;0.00;;16.0;0;0;0;0;0;0;2;0;0;0;0;0;0;0;0;2;0;7;0.0
119;Moussa Dembélé;FRA;CC,DL;Atlético Madrid;24;1996;2;0;44;0.5;0;0;0;0;0;0;0;0.00;0.00;0.00;0.00;0.00;5;2;40.0;10.23;4.09;0.00;0.00;10.5;0;0;0;0;0;0;2;0;3;1;0;0;0;0;0;6;4;4;50.0
120;Ousmane Dembélé;FRA;DL;Barcelona;23;1997;23;15;1408;15.6;5;2;5;0;0;2;0;0.32;0.13;0.45;0.32;0.45;45;16;35.6;2.88;1.02;0.11;0.31;17.3;0;0;0;2;0;0;11;21;7;40;10;8;0;0;0;60;5;12;29.4
121;Sergiño Dest;USA;DF;Barcelona;20;2000;23;18;1522;16.9;2;1;2;0;0;1;0;0.12;0.06;0.18;0.12;0.18;12;5;41.7;0.71;0.30;0.17;0.40;15.9;0;0;0;1;0;0;13;6;2;35;12;15;0;0;0;118;5;7;41.7
122;Deyverson;BRA;DL;Alavés;29;1991;21;11;846;9.4;1;2;1;0;0;3;0;0.11;0.21;0.32;0.11;0.32;13;2;15.4;1.38;0.21;0.08;0.50;15.9;0;0;0;3;0;0;14;23;10;12;10;6;0;0;0;70;56;44;56.0
123;Abdoulay Diaby;MLI;CC;Getafe;29;1991;1;0;18;0.2;0;0;0;0;0;0;0;0.00;0.00;0.00;0.00;0.00;1;0;0.0;5.00;0.00;0.00;;14.0;0;0;0;0;0;0;1;0;0;2;0;1;0;0;0;1;0;1;0.0
124;Mouctar Diakhaby;FRA;DF;Valencia;24;1996;19;18;1518;16.9;1;0;1;0;0;3;1;0.06;0.00;0.06;0.06;0.06;8;4;50.0;0.47;0.24;0.13;0.25;11.2;0;0;0;3;1;0;17;7;3;2;4;11;0;0;0;141;34;13;72.3
125;Víctor Díaz;ESP;DF;Granada;32;1988;10;5;518;5.8;0;2;0;0;0;2;0;0.00;0.35;0.35;0.00;0.35;5;1;20.0;0.87;0.17;0.00;0.00;26.7;0;0;0;2;0;0;6;0;0;22;7;10;0;1;0;60;11;11;50.0
126;Papakouli Diop;SEN;CC;Eibar;35;1986;25;21;1828;20.3;1;1;1;0;0;6;2;0.05;0.05;0.10;0.05;0.10;18;6;33.3;0.89;0.30;0.06;0.17;17.5;0;0;0;6;2;1;29;15;1;6;30;28;0;0;0;270;73;60;54.9
127;Djené;TOG;DF;Getafe;29;1991;25;25;2199;24.4;0;0;0;0;0;8;2;0.00;0.00;0.00;0.00;0.00;0;0;;0.00;0.00;;;;0;0;0;8;2;1;29;26;0;5;32;28;1;2;0;292;51;36;58.6
128;Marko Dmitrović;SRB;PO;Eibar;29;1992;28;28;2490;27.7;1;0;0;1;2;0;0;0.04;0.00;0.04;0.00;0.00;1;0;0.0;0.04;0.00;0.00;;44.0;0;1;2;0;0;0;1;3;0;0;0;1;0;0;0;161;0;0;
129;Jaume Doménech;ESP;PO;Valencia;30;1990;24;24;2160;24.0;0;0;0;0;0;1;0;0.00;0.00;0.00;0.00;0.00;0;0;;0.00;0.00;;;;0;0;0;1;0;0;0;1;0;0;0;0;0;0;0;118;0;0;
130;John Donald;ESP;DF;Elche;20;2000;2;1;50;0.6;0;0;0;0;0;0;0;0.00;0.00;0.00;0.00;0.00;0;0;;0.00;0.00;;;;0;0;0;0;0;0;1;0;0;0;0;0;0;0;0;1;0;1;0.0
131;Cheick Doukouré;CIV;CC;Levante;28;1992;2;0;32;0.4;0;0;0;0;0;0;0;0.00;0.00;0.00;0.00;0.00;0;0;;0.00;0.00;;;;0;0;0;0;0;0;3;1;1;0;1;2;0;0;0;4;0;0;
132;Idrissa Doumbia;CIV;CC;Huesca;22;1998;15;6;567;6.3;0;0;0;0;0;4;0;0.00;0.00;0.00;0.00;0.00;3;0;0.0;0.48;0.00;0.00;;17.8;0;0;0;4;0;0;11;5;0;0;6;7;0;0;0;53;2;2;50.0
133;Domingos Duarte;POR;DF;Granada;26;1995;26;24;2108;23.4;1;0;1;0;0;4;1;0.04;0.00;0.04;0.04;0.04;7;2;28.6;0.30;0.09;0.14;0.50;8.2;0;0;0;4;1;0;19;19;0;2;28;14;0;1;0;239;54;30;64.3
134;Óscar Duarte;CRC;DF;Levante;31;1989;20;17;1517;16.9;1;0;1;0;0;2;0;0.06;0.00;0.06;0.06;0.06;5;3;60.0;0.30;0.18;0.20;0.33;8.6;0;0;0;2;0;0;24;6;2;1;20;9;0;1;0;118;64;37;63.4
135;Rubén Duarte;ESP;DF;Alavés;25;1995;26;24;2157;24.0;0;1;0;0;0;5;1;0.00;0.04;0.04;0.00;0.04;9;0;0.0;0.38;0.00;0.00;;27.9;0;0;0;5;1;1;39;30;0;45;37;27;0;1;0;228;51;27;65.4
136;Hugo Duro;ESP;DL;Real Madrid;21;1999;2;0;55;0.6;0;0;0;0;0;0;0;0.00;0.00;0.00;0.00;0.00;1;0;0.0;1.64;0.00;0.00;;1.4;0;0;0;0;0;0;1;1;0;1;0;0;0;0;0;1;1;5;16.7
137;Aritz Elustondo;ESP;DF;Real Sociedad;27;1994;15;14;1203;13.4;0;0;0;0;0;4;0;0.00;0.00;0.00;0.00;0.00;4;0;0.0;0.30;0.00;0.00;;12.6;0;0;0;4;0;0;14;20;0;7;2;12;0;1;0;145;32;28;53.3
138;Rodrigo Ely;BRA;DF;Alavés;27;1993;8;6;468;5.2;1;0;1;0;0;1;0;0.19;0.00;0.19;0.19;0.19;3;2;66.7;0.58;0.38;0.33;0.50;7.9;0;0;0;1;0;0;8;2;0;0;2;3;0;0;0;50;16;2;88.9
139;Emerson;BRA;DF;Betis;22;1999;25;25;2181;24.2;1;4;1;0;0;7;1;0.04;0.17;0.21;0.04;0.21;7;1;14.3;0.29;0.04;0.14;1.00;20.8;0;0;0;7;1;0;41;54;2;46;54;44;0;1;1;202;38;28;57.6
140;Youssef En-Nesyri;MAR;DL;Sevilla;23;1997;29;17;1714;19.0;15;0;15;0;0;2;0;0.79;0.00;0.79;0.79;0.79;58;22;37.9;3.05;1.16;0.26;0.68;12.5;0;0;0;2;0;0;21;29;19;11;4;16;1;0;0;77;80;64;55.6
141;Sergi Enrich;ESP;DL;Eibar;31;1990;20;8;908;10.1;2;0;2;0;1;1;0;0.20;0.00;0.20;0.20;0.20;24;7;29.2;2.38;0.69;0.08;0.29;9.3;0;0;1;1;0;0;26;11;5;3;6;7;1;0;0;62;59;69;46.1
142;Dani Escriche;ESP;DL,CC;Huesca;23;1998;17;6;629;7.0;1;1;1;0;0;3;0;0.14;0.14;0.29;0.14;0.29;7;1;14.3;1.00;0.14;0.14;1.00;15.7;0;0;0;3;0;0;15;12;5;3;5;10;1;0;0;49;13;32;28.9
143;Sergio Escudero;ESP;DF;Sevilla;31;1989;7;5;434;4.8;1;0;1;0;0;2;0;0.21;0.00;0.21;0.21;0.21;5;1;20.0;1.04;0.21;0.20;1.00;18.7;1;0;0;2;0;0;7;6;0;10;5;8;0;0;0;36;9;4;69.2
144;Alfonso Espino;URU;DF;Cádiz;29;1992;26;25;2150;23.9;0;3;0;0;0;4;0;0.00;0.13;0.13;0.00;0.13;5;3;60.0;0.21;0.13;0.00;0.00;22.5;0;0;0;4;0;0;29;19;2;51;35;45;0;0;0;205;30;38;44.1
145;Vicente Esquerdo;ESP;CC;Valencia;22;1999;4;3;231;2.6;0;0;0;0;0;1;0;0.00;0.00;0.00;0.00;0.00;1;0;0.0;0.39;0.00;0.00;;28.0;0;0;0;1;0;0;3;0;0;2;5;6;0;0;0;18;2;3;40.0
146;Pervis Estupiñán;ECU;DF;Villarreal;23;1998;22;10;1002;11.1;0;0;0;0;0;0;0;0.00;0.00;0.00;0.00;0.00;9;3;33.3;0.81;0.27;0.00;0.00;17.7;2;0;0;0;0;0;16;18;6;57;25;21;1;1;0;114;9;13;40.9
147;Xabier Etxeita;ESP;DF;Getafe;33;1987;11;9;883;9.8;0;0;0;0;0;3;0;0.00;0.00;0.00;0.00;0.00;4;0;0.0;0.41;0.00;0.00;;8.5;0;0;0;3;0;0;14;2;0;0;10;6;0;0;1;112;18;24;42.9
148;Edu Expósito;ESP;CC;Eibar;24;1996;26;23;2094;23.3;0;2;0;0;2;4;0;0.00;0.09;0.09;0.00;0.09;34;7;20.6;1.46;0.30;0.00;0.00;23.6;0;0;2;4;0;0;26;23;0;25;29;23;0;0;0;295;33;37;47.1
149;Fali;ESP;DF,CC;Cádiz;27;1993;26;22;1992;22.1;0;0;0;0;0;8;0;0.00;0.00;0.00;0.00;0.00;9;2;22.2;0.41;0.09;0.00;0.00;12.0;1;0;0;8;0;0;15;16;0;13;21;17;0;1;0;152;26;24;52.0
150;Ansu Fati;ESP;DL;Barcelona;18;2002;7;6;431;4.8;4;0;4;0;0;1;0;0.84;0.00;0.84;0.84;0.84;14;7;50.0;2.92;1.46;0.29;0.57;15.6;0;0;0;1;0;0;6;11;2;5;1;3;2;0;0;20;2;4;33.3
151;Nabil Fekir;FRA;CC,DL;Betis;27;1993;26;26;2104;23.4;3;6;2;1;3;4;0;0.13;0.26;0.38;0.09;0.34;78;20;25.6;3.34;0.86;0.03;0.10;21.4;8;1;3;4;0;0;67;79;11;43;10;29;3;0;0;124;15;60;20.0
152;Felipe;BRA;DF;Atlético Madrid;31;1989;23;18;1577;17.5;0;0;0;0;0;6;0;0.00;0.00;0.00;0.00;0.00;7;1;14.3;0.40;0.06;0.00;0.00;9.4;0;0;0;6;0;0;26;11;0;2;33;15;0;0;1;175;67;16;80.7
153;João Félix;POR;DL,CC;Atlético Madrid;21;1999;24;13;1364;15.2;7;4;6;1;2;5;0;0.46;0.26;0.73;0.40;0.66;33;13;39.4;2.18;0.86;0.18;0.46;18.9;2;1;2;5;0;0;13;40;6;9;7;5;1;0;0;84;20;26;43.5
154;Aitor Fernández;ESP;PO;Levante;29;1991;25;25;2250;25.0;0;0;0;0;0;0;0;0.00;0.00;0.00;0.00;0.00;0;0;;0.00;0.00;;;;0;0;0;0;0;0;0;2;0;0;0;0;0;0;0;131;0;1;0.0
155;Álex Fernández;ESP;CC;Cádiz;28;1992;25;21;1946;21.6;4;1;2;2;2;1;0;0.18;0.05;0.23;0.09;0.14;8;2;25.0;0.37;0.09;0.25;1.00;18.9;0;2;2;1;0;0;11;31;1;41;21;15;0;0;0;186;22;28;44.0
156;Álvaro Fernández;ESP;PO;Huesca;22;1998;16;16;1440;16.0;0;0;0;0;0;0;0;0.00;0.00;0.00;0.00;0.00;0;0;;0.00;0.00;;;;0;0;0;0;0;0;0;2;0;0;0;0;0;0;0;81;0;0;
157;Andrés Fernández;ESP;PO;Huesca;34;1986;13;13;1170;13.0;0;0;0;0;0;0;0;0.00;0.00;0.00;0.00;0.00;0;0;;0.00;0.00;;;;0;0;0;0;0;0;0;3;0;0;0;0;0;0;0;68;0;0;
158;Augusto Fernández;ARG;CC;Cádiz;34;1986;9;2;239;2.7;0;0;0;0;0;1;0;0.00;0.00;0.00;0.00;0.00;0;0;;0.00;0.00;;;;0;0;0;1;0;0;4;1;0;0;9;3;0;0;0;33;1;5;16.7
159;Carlos Fernández;ESP;DL;Real Sociedad;24;1996;7;1;151;1.7;0;1;0;0;0;2;0;0.00;0.60;0.60;0.00;0.60;3;2;66.7;1.79;1.19;0.00;0.00;12.4;0;0;0;2;0;0;7;0;0;0;3;1;0;0;0;8;5;8;38.5
160;Carlos Fernández;ESP;DL;Sevilla;24;1996;5;2;143;1.6;0;0;0;0;0;0;0;0.00;0.00;0.00;0.00;0.00;2;1;50.0;1.26;0.63;0.00;0.00;8.4;0;0;0;0;0;0;4;7;0;2;1;0;0;0;0;9;5;6;45.5
161;Joaquín Fernández;ESP;DF;Valladolid;24;1996;19;18;1618;18.0;1;0;1;0;0;7;0;0.06;0.00;0.06;0.06;0.06;5;1;20.0;0.28;0.06;0.20;1.00;8.0;0;0;0;7;0;0;25;13;3;0;28;11;1;1;0;158;53;40;57.0
162;Fernando;BRA;CC;Sevilla;33;1987;23;21;1884;20.9;0;3;0;0;0;6;0;0.00;0.14;0.14;0.00;0.14;1;0;0.0;0.05;0.00;0.00;;19.0;0;0;0;6;0;0;33;15;1;1;24;44;0;0;0;230;49;26;65.3
163;David Ferreiro;ESP;DL,CC;Huesca;33;1988;28;21;1839;20.4;2;3;2;0;0;1;0;0.10;0.15;0.24;0.10;0.24;23;12;52.2;1.13;0.59;0.09;0.17;19.4;1;0;0;1;0;0;43;30;13;87;6;10;0;0;0;147;8;20;28.6
164;Facundo Ferreyra;ARG;DL;Celta Vigo;30;1991;8;1;156;1.7;1;0;1;0;0;3;0;0.58;0.00;0.58;0.58;0.58;5;1;20.0;2.88;0.58;0.20;1.00;12.5;0;0;0;3;0;0;10;4;1;1;0;1;0;0;0;8;8;8;50.0
165;Fidel;ESP;CC,DF;Elche;31;1989;22;20;1751;19.5;4;3;2;2;2;4;0;0.21;0.15;0.36;0.10;0.26;9;3;33.3;0.46;0.15;0.22;0.67;22.7;2;2;2;4;0;0;16;37;4;50;10;23;0;0;0;127;7;17;29.2
166;Junior Firpo;ESP;DF;Barcelona;24;1996;6;2;244;2.7;1;1;1;0;0;1;0;0.37;0.37;0.74;0.37;0.74;1;1;100.0;0.37;0.37;1.00;1.00;3.0;0;0;0;1;0;0;6;6;2;4;3;2;0;0;0;15;1;2;33.3
167;Kingsley Fobi;GHA;DF;Granada;22;1998;1;0;45;0.5;0;0;0;0;0;0;0;0.00;0.00;0.00;0.00;0.00;0;0;;0.00;0.00;;;;0;0;0;0;0;0;0;1;0;0;0;0;0;0;0;3;0;0;
168;Ramón Folch;ESP;CC;Elche;31;1989;1;0;1;0.0;0;0;0;0;0;0;0;0.00;0.00;0.00;0.00;0.00;0;0;;0.00;0.00;;;;0;0;0;0;0;0;0;0;0;0;0;0;0;0;0;0;0;0;
169;José Fontán;ESP;DF;Celta Vigo;21;2000;9;4;373;4.1;0;0;0;0;0;2;1;0.00;0.00;0.00;0.00;0.00;4;3;75.0;0.97;0.72;0.00;0.00;13.0;0;0;0;2;1;1;14;3;1;2;4;5;0;0;0;34;10;7;58.8
170;Dimitri Foulquier;FRA;DF;Granada;28;1993;23;23;1853;20.6;0;3;0;0;0;7;0;0.00;0.15;0.15;0.00;0.15;5;3;60.0;0.24;0.15;0.00;0.00;16.3;0;0;0;7;0;0;23;13;2;26;20;19;0;1;1;161;18;30;37.5
171;Juan Foyth;ARG;DF,CC;Villarreal;23;1998;13;10;898;10.0;0;0;0;0;0;6;0;0.00;0.00;0.00;0.00;0.00;0;0;;0.00;0.00;;;;0;0;0;6;0;0;17;9;0;2;12;23;0;1;0;97;30;15;66.7
172;Jorge de Frutos;ESP;CC,DL;Levante;24;1997;28;13;1426;15.8;3;7;3;0;0;2;0;0.19;0.44;0.63;0.19;0.63;20;9;45.0;1.26;0.57;0.15;0.33;17.4;0;0;0;2;0;0;23;22;1;48;13;24;2;0;0;74;8;23;25.8
173;Ramiro Funes Mori;ARG;DF;Villarreal;30;1991;5;3;277;3.1;0;0;0;0;0;0;0;0.00;0.00;0.00;0.00;0.00;1;0;0.0;0.32;0.00;0.00;;6.0;0;0;0;0;0;0;2;1;0;1;6;2;0;0;0;26;17;2;89.5
174;Javi Galán;ESP;DF;Huesca;26;1994;29;27;2455;27.3;1;2;1;0;0;4;0;0.04;0.07;0.11;0.04;0.11;5;1;20.0;0.18;0.04;0.20;1.00;23.3;0;0;0;4;0;0;52;70;4;81;16;61;0;0;0;236;15;28;34.9
175;Enric Gallego;ESP;DL;Osasuna;34;1986;17;7;678;7.5;0;1;0;0;0;1;0;0.00;0.13;0.13;0.00;0.13;11;4;36.4;1.46;0.53;0.00;0.00;13.3;0;0;0;1;0;0;25;12;2;7;0;6;0;0;0;41;74;49;60.2
176;Kévin Gameiro;FRA;DL;Valencia;33;1987;19;7;779;8.7;3;1;3;0;0;0;0;0.35;0.12;0.46;0.35;0.46;11;6;54.5;1.27;0.69;0.27;0.50;12.9;0;0;0;0;0;0;9;7;6;2;0;5;0;0;0;28;8;21;27.6
177;Aleix García;ESP;CC;Eibar;23;1997;8;3;288;3.2;0;1;0;0;0;0;0;0.00;0.31;0.31;0.00;0.31;3;1;33.3;0.94;0.31;0.00;0.00;17.1;0;0;0;0;0;0;4;1;0;3;3;2;0;0;0;28;2;0;100.0
178;Borja García;ESP;CC,DL;Huesca;30;1990;18;13;1099;12.2;1;0;1;0;0;0;0;0.08;0.00;0.08;0.08;0.08;13;2;15.4;1.06;0.16;0.08;0.50;19.0;0;0;0;0;0;0;3;33;1;8;8;10;0;0;0;92;9;11;45.0
179;Dani García;ESP;CC;Athletic Club;30;1990;23;18;1649;18.3;0;1;0;0;0;7;0;0.00;0.05;0.05;0.00;0.05;5;1;20.0;0.27;0.05;0.00;0.00;15.7;0;0;0;7;0;0;23;19;0;5;22;19;0;1;0;227;38;33;53.5
180;David García;ESP;DF;Osasuna;27;1994;27;27;2430;27.0;1;0;1;0;0;7;0;0.04;0.00;0.04;0.04;0.04;12;1;8.3;0.44;0.04;0.08;1.00;11.8;0;0;0;7;0;0;36;21;0;3;35;18;0;0;0;377;158;40;79.8
181;Manu García;ESP;CC;Alavés;34;1986;20;8;922;10.2;0;0;0;0;0;6;1;0.00;0.00;0.00;0.00;0.00;8;1;12.5;0.78;0.10;0.00;0.00;15.6;0;0;0;6;1;1;15;22;0;5;12;15;0;0;0;89;40;31;56.3
182;Raúl García;ESP;DF,CC;Valladolid;31;1989;8;5;504;5.6;1;0;1;0;0;2;0;0.18;0.00;0.18;0.18;0.18;3;3;100.0;0.54;0.54;0.33;0.33;18.8;1;0;0;2;0;0;5;8;1;20;5;3;0;0;0;57;18;13;58.1
183;Raúl García;ESP;DL,CC;Athletic Club;34;1986;27;20;1589;17.7;4;1;2;2;3;7;1;0.23;0.06;0.28;0.11;0.17;39;9;23.1;2.21;0.51;0.05;0.22;17.2;0;2;3;7;1;1;50;46;8;11;9;16;0;0;0;114;104;67;60.8
184;Rubén García;ESP;CC,DL;Osasuna;27;1993;29;27;2221;24.7;3;3;2;1;1;2;0;0.12;0.12;0.24;0.08;0.20;25;7;28.0;1.01;0.28;0.08;0.29;23.7;2;1;1;2;0;0;36;39;5;76;19;31;1;0;0;162;51;60;45.9
185;Sergi García;ESP;CC;Alavés;21;1999;2;0;16;0.2;0;0;0;0;0;0;0;0.00;0.00;0.00;0.00;0.00;0;0;;0.00;0.00;;;;0;0;0;0;0;0;0;0;0;0;0;1;0;0;0;1;0;0;
186;Unai García;ESP;DF;Osasuna;29;1992;13;9;919;10.2;0;0;0;0;0;3;0;0.00;0.00;0.00;0.00;0.00;3;0;0.0;0.29;0.00;0.00;;17.7;0;0;0;3;0;0;12;4;0;3;9;8;0;0;1;97;11;13;45.8
187;Mario Gaspar;ESP;DF;Villarreal;30;1990;18;16;1406;15.6;0;2;0;0;0;3;0;0.00;0.13;0.13;0.00;0.13;11;4;36.4;0.70;0.26;0.00;0.00;19.5;0;0;0;3;0;0;14;6;0;23;20;10;1;1;0;83;25;29;46.3
188;David Gil;ESP;PO;Cádiz;27;1994;1;1;90;1.0;0;0;0;0;0;0;0;0.00;0.00;0.00;0.00;0.00;0;0;;0.00;0.00;;;;0;0;0;0;0;0;0;0;0;0;0;0;0;0;0;6;0;0;
189;Álvaro Giménez;ESP;DL,CC;Cádiz;29;1991;11;3;407;4.5;2;1;2;0;0;0;0;0.44;0.22;0.66;0.44;0.66;5;2;40.0;1.11;0.44;0.40;1.00;10.6;0;0;0;0;0;0;8;6;4;1;3;2;0;0;0;18;20;29;40.8
190;Dani Gómez;ESP;DL;Levante;22;1998;26;12;1204;13.4;2;1;2;0;0;3;0;0.15;0.07;0.22;0.15;0.22;23;6;26.1;1.72;0.45;0.09;0.33;15.6;0;0;0;3;0;0;23;31;11;9;2;5;1;0;0;63;9;38;19.1
191;Ibai Gómez;ESP;CC,DL;Athletic Club;31;1989;4;1;101;1.1;0;0;0;0;0;0;0;0.00;0.00;0.00;0.00;0.00;1;0;0.0;0.89;0.00;0.00;;19.6;0;0;0;0;0;0;0;0;1;2;1;2;0;0;0;9;2;2;50.0
192;Maxi Gómez;URU;DL;Valencia;24;1996;24;24;2115;23.5;5;0;5;0;0;5;0;0.21;0.00;0.21;0.21;0.21;46;20;43.5;1.96;0.85;0.11;0.25;17.0;3;0;0;5;0;0;44;59;28;14;1;8;4;0;0;92;96;81;54.2
193;Moi Gómez;ESP;CC,DL;Villarreal;26;1994;26;23;2021;22.5;3;0;2;1;1;1;0;0.13;0.00;0.13;0.09;0.09;17;7;41.2;0.76;0.31;0.12;0.29;16.8;0;1;1;1;0;0;18;28;9;37;17;15;0;1;0;153;7;26;21.2
194;Papu Gómez;ARG;DL,CC;Sevilla;33;1988;9;5;412;4.6;1;0;1;0;0;0;0;0.22;0.00;0.22;0.22;0.22;8;5;62.5;1.75;1.09;0.13;0.20;21.3;0;0;0;0;0;0;7;12;1;12;12;3;0;0;0;26;2;4;33.3
195;Sergi Gómez;ESP;DF;Sevilla;29;1992;9;9;719;8.0;0;0;0;0;0;2;0;0.00;0.00;0.00;0.00;0.00;1;0;0.0;0.13;0.00;0.00;;13.0;0;0;0;2;0;0;1;1;0;0;3;3;0;0;0;51;23;22;51.1
196;Sergio Gómez;ESP;DL,CC;Huesca;20;2000;20;2;423;4.7;0;1;0;0;0;0;0;0.00;0.21;0.21;0.00;0.21;6;2;33.3;1.28;0.43;0.00;0.00;21.9;1;0;0;0;0;0;4;4;1;13;10;9;0;0;0;29;0;6;0.0
197;Maxime Gonalons;FRA;CC;Granada;32;1989;17;12;978;10.9;0;1;0;0;0;6;1;0.00;0.09;0.09;0.00;0.09;2;1;50.0;0.18;0.09;0.00;0.00;11.0;0;0;0;6;1;0;25;20;1;3;15;39;0;0;0;143;25;15;62.5
198;Bruno González;ESP;DF;Valladolid;30;1990;24;22;1993;22.1;1;0;1;0;0;7;0;0.05;0.00;0.05;0.05;0.05;4;2;50.0;0.18;0.09;0.25;0.50;10.0;0;0;0;7;0;0;29;13;0;0;26;13;0;0;0;190;50;37;57.5
199;Diego González;ESP;DF;Elche;26;1995;14;10;830;9.2;0;0;0;0;0;4;0;0.00;0.00;0.00;0.00;0.00;3;1;33.3;0.33;0.11;0.00;0.00;7.3;0;0;0;4;0;0;13;3;0;0;8;9;0;0;0;76;27;12;69.2
200;Sergio González;ESP;CC;Cádiz;23;1997;1;1;90;1.0;0;0;0;0;0;0;0;0.00;0.00;0.00;0.00;0.00;1;0;0.0;1.00;0.00;0.00;;7.6;0;0;0;0;0;0;1;1;0;0;2;0;0;0;0;13;2;3;40.0
201;Urko González;ESP;CC;Real Sociedad;20;2001;1;0;2;0.0;0;0;0;0;0;0;0;0.00;0.00;0.00;0.00;0.00;0;0;;0.00;0.00;;;;0;0;0;0;0;0;2;0;0;0;0;0;0;0;0;1;0;0;
202;Andoni Gorosabel;ESP;DF;Real Sociedad;24;1996;24;21;1767;19.6;0;1;0;0;0;2;0;0.00;0.05;0.05;0.00;0.05;9;2;22.2;0.46;0.10;0.00;0.00;21.0;0;0;0;2;0;0;28;22;0;49;13;27;0;0;0;148;9;21;30.0
203;Antoine Griezmann;FRA;DL,CC;Barcelona;30;1991;27;24;1881;20.9;8;6;8;0;1;3;0;0.38;0.29;0.67;0.38;0.67;53;22;41.5;2.54;1.05;0.15;0.36;14.7;0;0;1;3;0;0;9;25;9;25;9;20;1;0;0;99;15;13;53.6
204;Andrés Guardado;MEX;CC;Betis;34;1986;17;13;983;10.9;0;0;0;0;0;1;0;0.00;0.00;0.00;0.00;0.00;8;4;50.0;0.73;0.37;0.00;0.00;22.4;0;0;0;1;0;0;15;7;0;5;19;12;0;0;0;114;17;14;54.8
205;Sergi Guardiola;ESP;DL;Valladolid;29;1991;23;17;1533;17.0;1;2;0;1;2;4;0;0.06;0.12;0.18;0.00;0.12;26;5;19.2;1.53;0.29;0.00;0.00;16.4;1;1;2;4;0;0;37;36;12;13;8;5;1;0;0;84;49;88;35.8
206;Nemanja Gudelj;SRB;CC,DF;Sevilla;29;1991;22;8;824;9.2;0;0;0;0;0;6;0;0.00;0.00;0.00;0.00;0.00;6;1;16.7;0.66;0.11;0.00;0.00;30.5;2;0;0;6;0;0;13;6;0;3;12;16;0;0;0;63;17;15;53.1
207;Gonçalo Guedes;POR;CC,DL;Valencia;24;1996;22;18;1510;16.8;2;3;2;0;0;2;1;0.12;0.18;0.30;0.12;0.30;39;9;23.1;2.32;0.54;0.05;0.22;21.9;2;0;0;2;1;0;22;41;3;33;12;14;0;0;0;103;8;13;38.1
208;Ander Guevara;ESP;CC;Real Sociedad;23;1997;23;17;1429;15.9;0;0;0;0;0;4;0;0.00;0.00;0.00;0.00;0.00;4;0;0.0;0.25;0.00;0.00;;22.0;0;0;0;4;0;0;20;10;1;2;14;24;0;0;0;202;20;19;51.3
209;John Guidetti;SWE;DL;Alavés;28;1992;5;0;76;0.8;0;0;0;0;0;0;0;0.00;0.00;0.00;0.00;0.00;2;0;0.0;2.37;0.00;0.00;;22.3;0;0;0;0;0;0;3;0;1;1;0;0;0;0;0;4;3;1;75.0
210;Hugo Guillamón;ESP;DF;Valencia;21;2000;18;14;1384;15.4;1;0;1;0;0;6;0;0.07;0.00;0.07;0.07;0.07;6;1;16.7;0.39;0.07;0.17;1.00;10.4;0;0;0;6;0;0;22;22;1;0;10;7;0;1;1;146;46;36;56.1
211;Jon Guridi;ESP;CC;Real Sociedad;26;1995;12;5;561;6.2;0;1;0;0;0;2;0;0.00;0.16;0.16;0.00;0.16;7;2;28.6;1.12;0.32;0.00;0.00;18.9;0;0;0;2;0;0;10;12;0;2;7;8;1;0;0;45;10;16;38.5
212;Raúl Guti;ESP;CC;Elche;24;1996;28;25;2246;25.0;2;0;2;0;0;3;0;0.08;0.00;0.08;0.08;0.08;21;5;23.8;0.84;0.20;0.10;0.40;20.9;0;0;0;3;0;0;30;38;1;11;31;20;0;0;0;215;13;19;40.6
213;Marcos Mauro López Gutiérrez;ARG;DF;Cádiz;30;1991;17;16;1267;14.1;1;0;1;0;0;2;1;0.07;0.00;0.07;0.07;0.07;3;2;66.7;0.21;0.14;0.33;0.50;11.3;0;0;0;2;1;0;9;2;0;0;13;14;0;1;0;112;26;21;55.3
214;Munir El Haddadi;MAR;DL;Sevilla;25;1995;22;9;838;9.3;4;2;4;0;0;2;0;0.43;0.21;0.64;0.43;0.64;31;13;41.9;3.33;1.40;0.13;0.31;16.1;1;0;0;2;0;0;22;28;8;19;3;9;0;0;0;71;10;14;41.7
215;Eden Hazard;BEL;DL;Real Madrid;30;1991;9;6;392;4.4;2;1;2;0;0;0;0;0.46;0.23;0.69;0.46;0.69;7;3;42.9;1.61;0.69;0.29;0.67;14.9;0;0;0;0;0;0;1;12;3;3;4;0;0;0;0;19;2;5;28.6
216;Mario Hermoso;ESP;DF;Atlético Madrid;25;1995;24;24;2102;23.4;1;1;1;0;0;5;0;0.04;0.04;0.09;0.04;0.09;16;4;25.0;0.69;0.17;0.06;0.25;17.1;0;0;0;5;0;0;24;24;2;3;27;32;0;0;1;201;36;29;55.4
217;Aridane Hernández;EQG;DF;Osasuna;32;1989;19;19;1576;17.5;0;0;0;0;0;3;1;0.00;0.00;0.00;0.00;0.00;1;0;0.0;0.06;0.00;0.00;;8.0;0;0;0;3;1;0;17;16;0;2;32;16;0;0;0;198;68;26;72.3
218;Héctor Herrera;MEX;CC;Atlético Madrid;30;1990;10;4;401;4.5;0;0;0;0;0;2;0;0.00;0.00;0.00;0.00;0.00;1;0;0.0;0.22;0.00;0.00;;23.9;0;0;0;2;0;0;8;4;0;2;6;6;0;0;0;55;11;11;50.0
219;Sergio Herrera;ESP;PO;Osasuna;27;1993;26;25;2328;25.9;0;0;0;0;0;2;0;0.00;0.00;0.00;0.00;0.00;0;0;;0.00;0.00;;;;0;0;0;2;0;0;1;8;0;0;0;0;0;1;1;181;0;0;
220;Yangel Herrera;VEN;CC;Granada;23;1998;26;20;1880;20.9;3;1;3;0;0;7;0;0.14;0.05;0.19;0.14;0.19;28;7;25.0;1.34;0.34;0.11;0.43;16.9;0;0;0;7;0;0;52;52;5;13;24;33;1;1;0;222;111;100;52.6
221;Pablo Hervías;ESP;DF,DL;Valladolid;28;1993;21;9;1020;11.3;0;4;0;0;0;1;0;0.00;0.35;0.35;0.00;0.35;11;5;45.5;0.97;0.44;0.00;0.00;27.8;6;0;0;1;0;0;8;11;0;58;11;17;0;0;0;104;9;12;42.9
222;Jordan Holsgrove; SCO;CC;Celta Vigo;21;1999;3;0;110;1.2;0;0;0;0;0;0;0;0.00;0.00;0.00;0.00;0.00;1;0;0.0;0.82;0.00;0.00;;12.8;0;0;0;0;0;0;2;3;0;2;0;1;0;0;0;4;0;0;
223;Vicente Iborra;ESP;CC;Villarreal;33;1988;13;10;928;10.3;0;0;0;0;0;4;0;0.00;0.00;0.00;0.00;0.00;3;0;0.0;0.29;0.00;0.00;;17.0;0;0;0;4;0;0;15;9;0;1;5;13;0;0;0;94;20;19;51.3
224;Oussama Idrissi;MAR;DL,CC;Sevilla;25;1996;3;0;27;0.3;0;0;0;0;0;0;0;0.00;0.00;0.00;0.00;0.00;1;1;100.0;3.33;3.33;0.00;0.00;10.4;0;0;0;0;0;0;1;0;0;3;1;1;0;0;0;3;0;1;0.0
225;Iglesias;ESP;DF;Getafe;22;1998;4;3;274;3.0;0;0;0;0;0;0;0;0.00;0.00;0.00;0.00;0.00;3;1;33.3;0.99;0.33;0.00;0.00;26.2;0;0;0;0;0;0;6;7;0;4;5;4;0;0;0;29;6;7;46.2
226;Borja Iglesias;ESP;DL;Betis;28;1993;20;8;832;9.2;7;0;4;3;3;2;0;0.76;0.00;0.76;0.43;0.43;21;6;28.6;2.27;0.65;0.19;0.67;17.5;0;3;3;2;0;0;17;12;1;3;4;0;3;0;0;36;19;36;34.5
227;Ilaix;ESP;CC;Barcelona;18;2003;6;1;166;1.8;1;2;1;0;0;0;0;0.54;1.08;1.63;0.54;1.63;3;1;33.3;1.63;0.54;0.33;1.00;9.5;0;0;0;0;0;0;3;4;0;0;1;5;0;0;0;12;2;5;28.6
228;Asier Illarramendi;ESP;CC;Real Sociedad;31;1990;5;5;327;3.6;0;0;0;0;0;2;0;0.00;0.00;0.00;0.00;0.00;0;0;;0.00;0.00;;;;0;0;0;2;0;0;6;11;0;2;5;3;0;0;0;24;10;14;41.7
229;Pablo Insua;ESP;DF;Huesca;27;1993;16;13;1256;14.0;0;0;0;0;0;9;0;0.00;0.00;0.00;0.00;0.00;2;0;0.0;0.14;0.00;0.00;;11.5;0;0;0;9;0;0;24;4;0;1;9;14;0;0;0;108;40;27;59.7
230;Takashi Inui;JPN;CC,DL;Eibar;32;1988;24;20;1617;18.0;1;0;1;0;0;0;0;0.06;0.00;0.06;0.06;0.06;31;15;48.4;1.73;0.83;0.03;0.07;19.8;0;0;0;0;0;0;22;15;8;66;9;10;1;0;0;100;10;34;22.7
231;Alexander Isak;SWE;DL;Real Sociedad;21;1999;25;21;1681;18.7;12;2;12;0;0;3;0;0.64;0.11;0.75;0.64;0.75;58;28;48.3;3.11;1.50;0.21;0.43;12.7;4;0;0;3;0;0;17;21;17;17;2;9;1;0;0;60;26;47;35.6
232;Isco;ESP;CC,DL;Real Madrid;28;1992;18;6;619;6.9;0;1;0;0;0;0;0;0.00;0.15;0.15;0.00;0.15;14;3;21.4;2.04;0.44;0.00;0.00;18.7;0;0;0;0;0;0;12;9;0;13;3;7;0;0;0;32;2;10;16.7
233;Jairo Izquierdo;ESP;CC,DF;Cádiz;27;1993;22;10;1015;11.3;1;0;1;0;0;4;0;0.09;0.00;0.09;0.09;0.09;7;2;28.6;0.62;0.18;0.14;0.50;21.4;0;0;0;4;0;0;11;12;3;20;14;5;0;0;0;97;4;10;28.6
234;Saidy Janko;SUI;DF;Valladolid;25;1995;12;8;694;7.7;0;0;0;0;0;1;0;0.00;0.00;0.00;0.00;0.00;3;1;33.3;0.39;0.13;0.00;0.00;17.1;0;0;0;1;0;0;7;1;2;19;16;7;0;0;0;54;16;10;61.5
235;Adnan Januzaj;BEL;DL,CC;Real Sociedad;26;1995;19;8;698;7.8;2;2;1;1;1;1;0;0.26;0.26;0.52;0.13;0.39;24;8;33.3;3.09;1.03;0.04;0.13;20.5;3;1;1;1;0;0;5;26;2;29;4;4;1;0;0;51;8;6;57.1
236;Jason;ESP;CC,DF;Valencia;26;1994;15;4;425;4.7;0;0;0;0;0;4;1;0.00;0.00;0.00;0.00;0.00;5;0;0.0;1.06;0.00;0.00;;20.8;0;0;0;4;1;1;6;14;0;11;7;6;0;0;0;32;4;10;28.6
237;Luis Javier Suárez;COL;DL,CC;Granada;23;1997;19;13;1169;13.0;5;0;5;0;0;4;0;0.38;0.00;0.38;0.38;0.38;36;12;33.3;2.77;0.92;0.14;0.42;16.8;0;0;0;4;0;0;15;23;4;15;8;13;1;0;0;62;17;50;25.4
238;Joaquín;ESP;DL,CC;Betis;39;1981;21;11;959;10.7;2;4;2;0;0;1;0;0.19;0.38;0.56;0.19;0.56;10;6;60.0;0.94;0.56;0.20;0.33;14.9;0;0;0;1;0;0;2;8;1;27;11;3;0;0;0;65;10;14;41.7
239;Frenkie de Jong;NED;CC,DF;Barcelona;23;1997;29;27;2451;27.2;3;4;3;0;0;4;0;0.11;0.15;0.26;0.11;0.26;12;4;33.3;0.44;0.15;0.25;0.75;10.8;0;0;0;4;0;0;20;34;4;13;25;22;0;1;0;256;40;20;66.7
240;Luuk de Jong;NED;DL;Sevilla;30;1990;26;12;1077;12.0;4;0;4;0;0;3;0;0.33;0.00;0.33;0.33;0.33;21;8;38.1;1.75;0.67;0.19;0.50;9.1;0;0;0;3;0;0;18;26;7;1;1;5;0;0;0;47;56;60;48.3
241;Jony;ESP;CC,DL;Osasuna;29;1991;16;8;712;7.9;0;1;0;0;0;0;0;0.00;0.13;0.13;0.00;0.13;11;4;36.4;1.39;0.51;0.00;0.00;19.0;0;0;0;0;0;0;9;7;1;46;9;4;0;0;0;59;7;6;53.8
242;Joan Jordán;ESP;CC;Sevilla;26;1994;27;22;1894;21.0;1;6;1;0;0;7;1;0.05;0.29;0.33;0.05;0.33;21;3;14.3;1.00;0.14;0.05;0.33;22.4;5;0;0;7;1;1;43;27;0;28;15;19;0;0;0;198;15;17;46.9
243;Josan;ESP;CC,DF;Elche;31;1989;24;19;1523;16.9;4;2;4;0;0;2;0;0.24;0.12;0.35;0.24;0.35;12;8;66.7;0.71;0.47;0.33;0.50;15.9;0;0;0;2;0;0;17;19;0;53;15;22;0;0;0;111;10;6;62.5
244;Willian José;BRA;DL;Real Sociedad;29;1991;13;8;689;7.7;3;1;3;0;1;0;0;0.39;0.13;0.52;0.39;0.52;13;8;61.5;1.70;1.04;0.23;0.38;10.9;0;0;1;0;0;0;3;10;3;3;1;4;0;0;0;27;12;18;40.0
245;Joselu;ESP;DL;Alavés;31;1990;28;26;2306;25.6;7;1;5;2;4;1;0;0.27;0.04;0.31;0.20;0.23;64;19;29.7;2.50;0.74;0.08;0.26;15.9;3;2;4;1;0;0;34;57;11;18;14;19;1;0;0;118;215;110;66.2
246;Josema;ESP;DF;Elche;24;1996;24;18;1745;19.4;0;1;0;0;0;3;0;0.00;0.05;0.05;0.00;0.05;6;0;0.0;0.31;0.00;0.00;;16.0;0;0;0;3;0;0;18;14;1;15;32;23;0;0;0;127;32;26;55.2
247;Jota;ESP;CC;Alavés;29;1991;16;12;947;10.5;0;1;0;0;0;5;1;0.00;0.10;0.10;0.00;0.10;11;0;0.0;1.05;0.00;0.00;;19.5;0;0;0;5;1;1;14;2;1;17;9;10;0;0;0;84;8;10;44.4
248;Jota;POR;DL;Valladolid;22;1999;12;5;467;5.2;1;0;1;0;0;1;0;0.19;0.00;0.19;0.19;0.19;7;5;71.4;1.35;0.96;0.14;0.20;;;0;0;1;0;0;5;6;1;10;5;3;;;0;;;;
249;Luka Jović;SRB;DL,CC;Real Madrid;23;1997;4;2;149;1.7;0;0;0;0;0;0;0;0.00;0.00;0.00;0.00;0.00;6;1;16.7;3.62;0.60;0.00;0.00;11.2;0;0;0;0;0;0;2;1;2;1;0;0;0;0;0;7;3;4;42.9
250;Juanmi;ESP;DL,CC;Betis;27;1993;13;4;502;5.6;2;0;2;0;0;1;0;0.36;0.00;0.36;0.36;0.36;14;5;35.7;2.51;0.90;0.14;0.40;10.9;0;0;0;1;0;0;11;3;6;0;3;8;0;0;0;25;11;12;47.8
251;Vinicius Júnior;BRA;DL;Real Madrid;20;2000;26;14;1401;15.6;3;3;3;0;0;2;0;0.19;0.19;0.39;0.19;0.39;29;7;24.1;1.86;0.45;0.10;0.43;13.3;0;0;0;2;0;0;19;34;7;37;4;20;0;1;0;79;5;10;33.3
252;Jens Jønsson;DEN;CC;Cádiz;28;1993;27;25;1959;21.8;0;0;0;0;0;3;0;0.00;0.00;0.00;0.00;0.00;9;1;11.1;0.41;0.05;0.00;0.00;19.6;0;0;0;3;0;0;26;19;0;3;35;36;0;1;0;195;36;28;56.3
253;Damian Kądzior;POL;DL,CC;Eibar;28;1992;6;2;195;2.2;0;0;0;0;0;0;0;0.00;0.00;0.00;0.00;0.00;5;1;20.0;2.31;0.46;0.00;0.00;21.5;1;0;0;0;0;0;4;4;2;13;0;1;0;0;0;16;0;3;0.0
254;Lee Kangin;KOR;DL,CC;Valencia;20;2001;20;12;1000;11.1;0;4;0;0;0;1;0;0.00;0.36;0.36;0.00;0.36;20;4;20.0;1.80;0.36;0.00;0.00;21.9;4;0;0;1;0;0;12;35;1;13;1;11;0;0;0;57;7;23;23.3
255;Stephane Keller;CMR;DF;Alavés;19;2001;1;0;16;0.2;0;0;0;0;0;0;0;0.00;0.00;0.00;0.00;0.00;0;0;;0.00;0.00;;;;0;0;0;0;0;0;0;0;0;0;0;1;0;0;0;2;0;2;0.0
256;Kenedy;BRA;DL,CC;Granada;25;1996;25;17;1373;15.3;3;2;3;0;0;2;0;0.20;0.13;0.33;0.20;0.33;35;11;31.4;2.29;0.72;0.09;0.27;26.4;7;0;0;2;0;0;30;21;1;30;17;15;0;1;0;104;11;23;32.4
257;Kike;ESP;DL;Eibar;31;1989;28;27;2313;25.7;8;2;8;0;0;3;1;0.31;0.08;0.39;0.31;0.39;70;25;35.7;2.72;0.97;0.11;0.32;13.5;1;0;0;3;1;1;52;70;10;19;5;20;1;0;0;113;135;189;41.7
258;Giorgi Kochorashvili;GEO;CC;Levante;21;1999;1;0;2;0.0;0;0;0;0;0;0;0;0.00;0.00;0.00;0.00;0.00;0;0;;0.00;0.00;;;;0;0;0;0;0;0;0;0;0;0;0;0;0;0;0;0;0;1;0.0
259;Kenan Kodro;BIH;DL,CC;Valladolid;27;1993;9;1;228;2.5;0;0;0;0;0;0;0;0.00;0.00;0.00;0.00;0.00;2;0;0.0;0.79;0.00;0.00;;7.0;0;0;0;0;0;0;4;3;1;0;2;0;0;0;0;11;12;11;52.2
260;Kenan Kodro;BIH;DL,CC;Athletic Club;27;1993;3;0;44;0.5;1;0;0;1;1;1;0;2.05;0.00;2.05;0.00;0.00;1;1;100.0;2.05;2.05;0.00;0.00;37.6;0;1;1;1;0;0;1;1;2;0;0;0;1;0;0;0;0;2;0.0
261;Koba Koindredi;FRA;CC;Valencia;19;2001;2;0;15;0.2;0;0;0;0;0;0;0;0.00;0.00;0.00;0.00;0.00;0;0;;0.00;0.00;;;;0;0;0;0;0;0;0;0;0;0;0;2;0;0;0;0;1;1;50.0
262;Koke;ESP;CC;Atlético Madrid;29;1992;28;26;2305;25.6;1;2;1;0;0;8;0;0.04;0.08;0.12;0.04;0.12;13;5;38.5;0.51;0.20;0.08;0.20;21.3;0;0;0;8;0;0;37;35;0;12;29;45;0;0;0;271;18;21;46.2
263;Geoffrey Kondogbia;CTA;CC;Valencia;28;1993;5;5;440;4.9;0;0;0;0;0;1;0;0.00;0.00;0.00;0.00;0.00;4;2;50.0;0.82;0.41;0.00;0.00;33.2;1;0;0;1;0;0;8;10;0;1;4;10;0;0;0;41;5;6;45.5
264;Geoffrey Kondogbia;CTA;CC,DL;Atlético Madrid;28;1993;18;3;443;4.9;0;0;0;0;0;4;0;0.00;0.00;0.00;0.00;0.00;3;1;33.3;0.61;0.20;0.00;0.00;23.9;0;0;0;4;0;0;15;8;0;0;6;17;0;0;0;56;4;7;36.4
265;Youssouf Koné;MLI;DF,DL;Elche;25;1995;3;1;73;0.8;0;0;0;0;0;0;0;0.00;0.00;0.00;0.00;0.00;0;0;;0.00;0.00;;;;0;0;0;0;0;0;1;2;1;1;1;0;0;0;0;5;0;1;0.0
266;Jules Koundé;FRA;DF;Sevilla;22;1998;25;24;2170;24.1;1;1;1;0;0;2;0;0.04;0.04;0.08;0.04;0.08;15;3;20.0;0.62;0.12;0.07;0.33;11.2;0;0;0;2;0;0;17;19;3;11;30;17;0;1;0;225;87;58;60.0
267;Toni Kroos;GER;CC;Real Madrid;31;1990;26;22;1956;21.7;2;8;2;0;0;6;0;0.09;0.37;0.46;0.09;0.46;30;11;36.7;1.38;0.51;0.07;0.18;21.8;0;0;0;6;0;0;24;31;1;37;22;21;0;0;0;140;16;8;66.7
268;Takefusa Kubo;JPN;CC,DL;Getafe;19;2001;12;5;521;5.8;0;1;0;0;0;1;0;0.00;0.17;0.17;0.00;0.17;8;5;62.5;2.41;1.51;0.00;0.00;14.5;0;0;0;2;1;1;3;12;0;10;2;3;0;0;0;25;1;3;25.0
269;Takefusa Kubo;JPN;CC,DL;Villarreal;19;2001;13;2;299;3.3;0;0;0;0;0;2;1;0.00;0.00;0.00;0.00;0.00;10;6;60.0;1.73;1.04;0.00;0.00;17.5;4;0;0;1;0;0;13;16;2;10;7;2;0;0;0;33;5;11;31.3
270;Kuki;ESP;CC;Valladolid;22;1998;2;0;30;0.3;0;1;0;0;0;0;0;0.00;3.00;3.00;0.00;3.00;0;0;;0.00;0.00;;;;0;0;0;0;0;0;1;0;0;1;0;1;0;0;0;3;1;1;50.0
271;Víctor Laguardia;ESP;DF;Alavés;31;1989;25;23;2001;22.2;0;0;0;0;0;5;1;0.00;0.00;0.00;0.00;0.00;5;2;40.0;0.22;0.09;0.00;0.00;7.1;0;0;0;5;1;0;22;6;1;3;20;14;0;0;0;185;45;27;62.5
272;Diego Lainez;MEX;DL,CC;Betis;20;2000;13;6;566;6.3;0;1;0;0;0;2;0;0.00;0.16;0.16;0.00;0.16;10;2;20.0;1.59;0.32;0.00;0.00;18.5;0;0;0;2;0;0;7;17;1;16;9;3;0;0;0;41;7;5;58.3
273;Toni Lato;ESP;DF;Valencia;23;1997;11;5;492;5.5;1;0;1;0;0;2;0;0.18;0.00;0.18;0.18;0.18;2;2;100.0;0.37;0.37;0.50;0.50;11.6;0;0;0;2;0;0;9;3;1;5;5;4;0;0;1;46;9;8;52.9
274;Lauti;URU;CC,DL;Celta Vigo;20;2001;1;0;14;0.2;0;0;0;0;0;0;0;0.00;0.00;0.00;0.00;0.00;0;0;;0.00;0.00;;;;0;0;0;0;0;0;1;0;1;0;0;0;0;0;0;0;0;1;0.0
275;Robin Le Normand;FRA;DF;Real Sociedad;24;1996;25;22;2033;22.6;0;0;0;0;0;5;1;0.00;0.00;0.00;0.00;0.00;10;1;10.0;0.44;0.04;0.00;0.00;10.0;0;0;0;5;1;0;34;15;2;3;24;15;0;1;0;260;96;40;70.6
276;Jeremías Ledesma;ARG;PO;Cádiz;28;1993;26;26;2340;26.0;0;0;0;0;0;0;0;0.00;0.00;0.00;0.00;0.00;0;0;;0.00;0.00;;;;0;0;0;0;0;0;1;2;0;0;0;0;0;1;0;137;0;0;
277;Florian Lejeune;FRA;DF;Alavés;29;1991;26;26;2295;25.5;1;0;1;0;0;9;0;0.04;0.00;0.04;0.04;0.04;18;6;33.3;0.71;0.24;0.06;0.17;18.7;4;0;0;9;0;0;28;15;1;5;39;21;0;1;0;244;81;39;67.5
278;Iñigo Lekue;ESP;DF;Athletic Club;27;1993;13;2;315;3.5;0;0;0;0;0;1;0;0.00;0.00;0.00;0.00;0.00;1;1;100.0;0.29;0.29;0.00;0.00;22.0;0;0;0;1;0;0;10;1;2;13;4;4;0;0;0;27;3;4;42.9
279;Thomas Lemar;FRA;CC;Atlético Madrid;25;1995;24;17;1266;14.1;1;3;1;0;0;3;0;0.07;0.21;0.28;0.07;0.28;20;8;40.0;1.42;0.57;0.05;0.13;21.0;2;0;0;3;0;0;13;23;0;26;11;18;1;0;0;105;7;10;41.2
280;Clément Lenglet;FRA;DF;Barcelona;25;1995;26;22;1898;21.1;1;0;1;0;0;7;1;0.05;0.00;0.05;0.05;0.05;9;4;44.4;0.43;0.19;0.11;0.25;11.9;0;0;0;7;1;1;35;26;6;3;22;21;0;2;0;213;57;33;63.3
281;Pedro León;ESP;CC,DL;Eibar;34;1986;19;9;794;8.8;1;1;1;0;0;2;0;0.11;0.11;0.23;0.11;0.23;15;6;40.0;1.70;0.68;0.07;0.17;24.8;3;0;0;2;0;0;10;10;3;34;4;7;0;0;0;56;14;14;50.0
282;Sergio León;ESP;DL;Levante;32;1989;22;6;655;7.3;1;0;1;0;0;0;0;0.14;0.00;0.14;0.14;0.14;17;4;23.5;2.34;0.55;0.06;0.25;13.3;0;0;0;0;0;0;14;5;5;4;2;3;0;0;0;37;9;30;23.1
283;Diego Llorente;ESP;DF;Real Sociedad;27;1993;1;1;90;1.0;0;0;0;0;0;0;0;0.00;0.00;0.00;0.00;0.00;0;0;;0.00;0.00;;;;0;0;0;0;0;0;2;0;0;0;0;0;0;0;0;6;2;1;66.7
284;Marcos Llorente;ESP;CC,DF;Atlético Madrid;26;1995;29;25;2259;25.1;9;8;9;0;0;5;0;0.36;0.32;0.68;0.36;0.68;35;16;45.7;1.39;0.64;0.26;0.56;17.6;0;0;0;5;0;0;46;26;6;53;25;35;0;0;0;174;20;28;41.7
285;Renan Lodi;BRA;DF;Atlético Madrid;23;1998;16;8;789;8.8;0;2;0;0;0;2;0;0.00;0.23;0.23;0.00;0.23;9;2;22.2;1.03;0.23;0.00;0.00;18.8;0;0;0;2;0;0;11;18;2;33;16;12;0;0;0;76;9;10;47.4
286;Pedro López Muñoz;ESP;DF;Huesca;37;1983;13;7;697;7.7;0;1;0;0;0;2;0;0.00;0.13;0.13;0.00;0.13;3;0;0.0;0.39;0.00;0.00;;22.6;0;0;0;2;0;0;10;11;3;21;8;15;0;0;0;73;11;8;57.9
287;Adrián López;ESP;DL,CC;Osasuna;33;1988;15;4;409;4.5;1;1;1;0;0;0;0;0.22;0.22;0.44;0.22;0.44;10;2;20.0;2.20;0.44;0.10;0.50;14.6;0;0;0;0;0;0;2;4;4;6;0;4;0;0;0;28;16;27;37.2
288;Javi López;ESP;DF,CC;Alavés;19;2002;9;1;248;2.8;0;0;0;0;0;1;0;0.00;0.00;0.00;0.00;0.00;1;1;100.0;0.36;0.36;0.00;0.00;17.5;0;0;0;1;0;0;3;3;0;11;6;5;0;0;0;31;3;3;50.0
289;Roberto López;ESP;CC;Real Sociedad;20;2000;13;4;429;4.8;3;0;3;0;0;0;0;0.63;0.00;0.63;0.63;0.63;12;3;25.0;2.52;0.63;0.25;1.00;24.1;2;0;0;0;0;0;1;5;1;12;1;2;0;0;0;39;5;9;35.7
290;Unai López;ESP;CC;Athletic Club;25;1995;18;11;1035;11.5;3;0;3;0;0;5;0;0.26;0.00;0.26;0.26;0.26;18;8;44.4;1.57;0.70;0.17;0.38;25.8;5;0;0;5;0;0;13;17;1;12;6;15;0;0;1;124;7;15;31.8
291;Anthony Lozano;HON;DL;Cádiz;27;1993;21;14;1083;12.0;3;1;3;0;0;4;0;0.25;0.08;0.33;0.25;0.33;29;13;44.8;2.41;1.08;0.10;0.23;12.9;0;0;0;4;0;0;42;21;9;11;2;9;0;0;0;49;42;69;37.8
292;Jeison Lucumí;COL;DL;Elche;26;1995;2;1;49;0.5;0;0;0;0;0;0;0;0.00;0.00;0.00;0.00;0.00;0;0;;0.00;0.00;;;;0;0;0;0;0;0;1;0;0;0;0;1;0;0;0;3;1;1;50.0
293;José Luis Gayà;ESP;DF;Valencia;25;1995;25;25;2204;24.5;0;5;0;0;0;5;0;0.00;0.20;0.20;0.00;0.20;18;4;22.2;0.74;0.16;0.00;0.00;18.9;2;0;0;5;0;0;25;25;8;76;24;31;0;2;0;208;23;35;39.7
294;José Luis Morales;ESP;DL,CC;Levante;33;1987;29;24;1946;21.6;10;3;10;0;1;2;0;0.46;0.14;0.60;0.46;0.60;45;21;46.7;2.08;0.97;0.22;0.48;16.4;1;0;1;2;0;0;13;15;17;62;7;10;0;0;0;94;11;18;37.9
295;Luisinho;POR;DF;Huesca;35;1985;5;2;179;2.0;0;0;0;0;0;1;0;0.00;0.00;0.00;0.00;0.00;1;0;0.0;0.50;0.00;0.00;;32.3;0;0;0;1;0;0;0;4;0;1;1;0;0;0;0;16;2;1;66.7
296;Luismi;ESP;CC,DF;Elche;28;1992;8;2;148;1.6;0;0;0;0;0;0;0;0.00;0.00;0.00;0.00;0.00;0;0;;0.00;0.00;;;;0;0;0;0;0;0;3;1;0;1;3;3;0;1;0;13;1;0;100.0
297;Darwin Machís;VEN;DL,CC;Granada;28;1993;23;15;1475;16.4;2;4;2;0;1;1;0;0.12;0.24;0.37;0.12;0.37;33;15;45.5;2.01;0.92;0.06;0.13;21.8;4;0;1;1;0;0;24;34;8;46;28;7;0;0;0;97;9;36;20.0
298;Pablo Maffeo;ESP;DF;Huesca;23;1997;20;20;1619;18.0;1;4;1;0;0;4;0;0.06;0.22;0.28;0.06;0.28;10;5;50.0;0.56;0.28;0.10;0.20;17.7;0;0;0;4;0;0;11;37;2;49;23;19;0;2;0;183;29;24;54.7
299;Abdallahi Mahmoud;MTN;CC;Alavés;20;2000;2;1;66;0.7;0;0;0;0;0;0;0;0.00;0.00;0.00;0.00;0.00;0;0;;0.00;0.00;;;;0;0;0;0;0;0;1;1;0;0;1;2;0;0;0;5;1;2;33.3
300;Nemanja Maksimović;SRB;CC;Getafe;26;1995;26;25;1997;22.2;1;0;1;0;0;3;0;0.05;0.00;0.05;0.05;0.05;10;2;20.0;0.45;0.09;0.10;0.50;14.5;0;0;0;3;0;0;20;9;0;14;37;27;0;0;0;194;37;42;46.8
301;Filip Malbašić;SRB;DL,CC;Cádiz;28;1992;21;4;491;5.5;0;1;0;0;0;2;0;0.00;0.18;0.18;0.00;0.18;6;0;0.0;1.10;0.00;0.00;;15.1;0;0;0;2;0;0;11;12;5;7;2;7;0;0;0;18;5;31;13.9
302;Hugo Mallo;ESP;DF;Celta Vigo;29;1991;25;25;2250;25.0;2;1;2;0;0;6;0;0.08;0.04;0.12;0.08;0.12;18;10;55.6;0.72;0.40;0.11;0.20;14.6;0;0;0;6;0;0;48;26;4;57;23;33;0;2;0;241;50;49;50.5
303;Mickael Malsa;MTQ;CC;Levante;25;1995;27;19;1719;19.1;0;0;0;0;0;4;0;0.00;0.00;0.00;0.00;0.00;17;5;29.4;0.89;0.26;0.00;0.00;21.8;0;0;0;4;0;0;30;27;0;4;32;29;0;0;0;197;21;22;48.8
304;Aïssa Mandi;ALG;DF;Betis;29;1991;23;22;1942;21.6;3;1;3;0;0;5;2;0.14;0.05;0.19;0.14;0.19;9;7;77.8;0.42;0.32;0.33;0.43;7.7;0;0;0;5;2;1;15;12;2;1;26;15;0;1;0;182;52;27;65.8
305;Eliaquim Mangala;FRA;DF;Valencia;30;1991;5;4;313;3.5;0;0;0;0;0;1;0;0.00;0.00;0.00;0.00;0.00;2;0;0.0;0.58;0.00;0.00;;7.0;0;0;0;1;0;0;5;2;2;0;4;1;0;0;0;42;15;9;62.5
306;Maranhão;BRA;DL;Valladolid;24;1996;14;8;834;9.3;3;0;3;0;0;1;0;0.32;0.00;0.32;0.32;0.32;22;9;40.9;2.37;0.97;0.14;0.33;15.2;0;0;0;1;0;0;19;17;5;4;0;3;1;0;0;37;29;58;33.3
307;Marcelo;BRA;DF;Real Madrid;32;1988;9;8;694;7.7;0;2;0;0;0;2;0;0.00;0.26;0.26;0.00;0.26;8;0;0.0;1.04;0.00;0.00;;20.9;0;0;0;2;0;0;4;8;2;26;5;12;0;1;0;39;2;11;15.4
308;Iván Marcone;ARG;CC;Elche;30;1990;24;24;2049;22.8;0;0;0;0;0;9;1;0.00;0.00;0.00;0.00;0.00;1;0;0.0;0.04;0.00;0.00;;10.6;0;0;0;9;1;1;24;17;0;3;29;41;0;2;0;220;17;13;56.7
309;Óscar de Marcos;ESP;DF,CC;Athletic Club;31;1989;18;11;994;11.0;1;2;1;0;0;1;0;0.09;0.18;0.27;0.09;0.27;6;5;83.3;0.54;0.45;0.17;0.20;11.3;0;0;0;1;0;0;6;3;2;28;11;10;0;0;0;77;5;10;33.3
310;José Mari;ESP;CC;Cádiz;33;1987;14;11;891;9.9;0;0;0;0;0;3;0;0.00;0.00;0.00;0.00;0.00;10;2;20.0;1.01;0.20;0.00;0.00;25.7;0;0;0;3;0;0;20;8;0;3;12;14;0;0;0;118;15;18;45.5
311;José María Giménez;URU;DF;Atlético Madrid;26;1995;16;15;1324;14.7;0;0;0;0;0;4;0;0.00;0.00;0.00;0.00;0.00;12;3;25.0;0.82;0.20;0.00;0.00;12.3;0;0;0;4;0;0;15;13;0;1;15;12;0;1;0;113;43;20;68.3
312;Mariano;DOM;DL;Real Madrid;27;1993;11;4;376;4.2;1;0;1;0;0;0;0;0.24;0.00;0.24;0.24;0.24;11;3;27.3;2.63;0.72;0.09;0.33;15.6;0;0;0;0;0;0;6;4;8;0;0;1;0;0;0;7;12;9;57.1
313;Adrián Marín;ESP;DF;Granada;24;1997;5;2;170;1.9;0;0;0;0;0;0;0;0.00;0.00;0.00;0.00;0.00;0;0;;0.00;0.00;;;;0;0;0;0;0;0;1;1;0;1;3;1;0;0;0;20;3;3;50.0
314;Adrián Marín;ESP;DF,CC;Alavés;24;1997;5;1;93;1.0;0;0;0;0;0;0;0;0.00;0.00;0.00;0.00;0.00;1;0;0.0;0.97;0.00;0.00;;21.2;0;0;0;0;0;0;3;0;0;0;1;1;0;0;0;12;3;1;75.0
315;Roger Martí;ESP;DL;Levante;30;1991;25;20;1676;18.6;11;2;9;2;4;2;0;0.59;0.11;0.70;0.48;0.59;33;17;51.5;1.77;0.91;0.27;0.53;14.5;0;2;4;2;0;0;37;19;8;14;3;9;0;0;0;65;13;45;22.4
316;Aarón Martín;ESP;DF;Celta Vigo;23;1997;10;10;885;9.8;0;0;0;0;0;1;0;0.00;0.00;0.00;0.00;0.00;2;1;50.0;0.20;0.10;0.00;0.00;16.2;0;0;0;1;0;0;5;8;1;21;11;3;0;0;0;56;11;17;39.3
317;Álex Martín;ESP;DF;Cádiz;23;1998;1;0;6;0.1;0;0;0;0;0;0;0;0.00;0.00;0.00;0.00;0.00;0;0;;0.00;0.00;;;;0;0;0;0;0;0;0;0;0;0;0;0;0;0;0;0;0;0;
318;Iñigo Martínez;ESP;DF;Athletic Club;29;1991;23;23;2069;23.0;0;0;0;0;0;8;1;0.00;0.00;0.00;0.00;0.00;12;4;33.3;0.52;0.17;0.00;0.00;23.2;1;0;0;8;1;0;29;29;4;8;25;12;0;0;0;241;66;38;63.5
319;Javi Martínez;ESP;CC;Osasuna;21;1999;8;2;192;2.1;0;0;0;0;0;0;0;0.00;0.00;0.00;0.00;0.00;0;0;;0.00;0.00;;;;0;0;0;0;0;0;1;5;0;1;0;5;0;0;0;21;2;3;40.0
320;Marvin;ESP;DF,DL;Real Madrid;20;2000;3;1;88;1.0;0;0;0;0;0;0;0;0.00;0.00;0.00;0.00;0.00;0;0;;0.00;0.00;;;;0;0;0;0;0;0;1;4;0;4;1;1;0;0;0;12;4;0;100.0
321;Jordi Masip;ESP;PO;Valladolid;32;1989;19;19;1710;19.0;0;0;0;0;0;2;0;0.00;0.00;0.00;0.00;0.00;0;0;;0.00;0.00;;;;0;0;0;2;0;0;1;2;0;0;0;0;0;0;0;86;0;0;
322;Jaime Mata;ESP;DL;Getafe;32;1988;25;18;1510;16.8;5;0;4;1;2;8;1;0.30;0.00;0.30;0.24;0.24;25;12;48.0;1.49;0.72;0.16;0.33;12.2;0;1;2;8;1;0;59;28;16;26;7;6;0;0;0;77;56;88;38.9
323;Borja Mayoral;ESP;DL;Real Madrid;24;1997;2;0;23;0.3;0;0;0;0;0;0;0;0.00;0.00;0.00;0.00;0.00;0;0;;0.00;0.00;;;;0;0;0;0;0;0;2;0;2;0;0;0;0;0;0;1;0;1;0.0
324;Gonzalo Melero;ESP;CC,DL;Levante;27;1994;21;15;1311;14.6;4;1;4;0;0;2;0;0.27;0.07;0.34;0.27;0.34;21;5;23.8;1.44;0.34;0.19;0.80;14.0;0;0;0;2;0;0;18;25;1;2;14;12;0;0;0;114;31;46;40.3
325;Brais Méndez;ESP;CC,DL;Celta Vigo;24;1997;25;21;1913;21.3;5;0;5;0;0;5;0;0.24;0.00;0.24;0.24;0.24;35;15;42.9;1.65;0.71;0.14;0.33;15.7;1;0;0;5;0;0;57;33;3;17;21;33;1;0;0;141;23;52;30.7
326;Édgar Méndez;ESP;CC,DL;Alavés;31;1990;26;22;1743;19.4;4;1;4;0;0;10;1;0.21;0.05;0.26;0.21;0.26;26;9;34.6;1.34;0.46;0.15;0.44;17.4;0;0;0;10;1;1;46;41;7;38;14;16;0;0;0;121;49;43;53.3
327;Eñaut Mendía;ESP;DL;Eibar;21;1999;1;1;61;0.7;0;0;0;0;0;1;0;0.00;0.00;0.00;0.00;0.00;1;0;0.0;1.48;0.00;0.00;;27.2;0;0;0;1;0;0;3;0;1;0;0;1;0;1;0;5;0;1;0.0
328;Ferland Mendy;FRA;DF;Real Madrid;25;1995;25;23;2118;23.5;1;0;1;0;0;3;0;0.04;0.00;0.04;0.04;0.04;12;2;16.7;0.51;0.08;0.08;0.50;19.0;0;0;0;3;0;0;22;38;5;40;25;15;0;0;0;167;10;18;35.7
329;Mikel Merino;ESP;CC;Real Sociedad;24;1996;26;25;2154;23.9;2;4;2;0;0;5;0;0.08;0.17;0.25;0.08;0.25;33;8;24.2;1.38;0.33;0.06;0.25;13.6;0;0;0;5;0;0;79;54;4;14;32;36;0;0;0;216;71;72;49.7
330;Martín Merquelanz;ESP;DL,CC;Real Sociedad;25;1995;11;4;521;5.8;0;0;0;0;0;0;0;0.00;0.00;0.00;0.00;0.00;10;4;40.0;1.73;0.69;0.00;0.00;18.7;1;0;0;0;0;0;4;11;2;13;7;2;0;0;0;43;4;7;36.4
331;Roque Mesa;ESP;CC;Valladolid;31;1989;17;15;1260;14.0;1;0;0;1;1;4;1;0.07;0.00;0.07;0.00;0.00;17;4;23.5;1.21;0.29;0.00;0.00;25.0;2;1;1;4;1;0;19;19;2;15;10;23;0;0;0;153;14;23;37.8
332;Lionel Messi;ARG;DL,CC;Barcelona;33;1987;27;25;2303;25.6;23;8;20;3;4;4;0;0.90;0.31;1.21;0.78;1.09;146;69;47.3;5.71;2.70;0.14;0.29;19.2;30;3;4;4;0;0;20;64;6;45;5;11;0;0;0;88;11;7;61.1
333;Omenuke Mfulu;COD;CC;Elche;27;1994;15;5;491;5.5;0;0;0;0;0;2;0;0.00;0.00;0.00;0.00;0.00;0;0;;0.00;0.00;;;;0;0;0;2;0;0;9;3;0;1;5;11;0;0;0;36;4;4;50.0
334;Míchel;ESP;CC;Valladolid;32;1988;14;7;618;6.9;2;0;2;0;0;2;0;0.29;0.00;0.29;0.29;0.29;2;2;100.0;0.29;0.29;1.00;1.00;15.0;0;0;0;2;0;0;13;7;0;17;11;9;0;0;0;82;7;10;41.2
335;Éder Militão;BRA;DF,CC;Real Madrid;23;1998;5;4;323;3.6;0;0;0;0;0;2;1;0.00;0.00;0.00;0.00;0.00;2;0;0.0;0.56;0.00;0.00;;6.5;0;0;0;2;1;0;4;5;0;0;8;2;0;0;0;38;14;3;82.4
336;Luis Milla;ESP;CC;Granada;26;1994;16;14;1253;13.9;1;1;1;0;0;1;0;0.07;0.07;0.14;0.07;0.14;10;3;30.0;0.72;0.22;0.10;0.33;23.6;2;0;0;1;0;0;16;20;0;10;21;16;0;0;0;134;16;13;55.2
337;Pere Milla;ESP;DL,CC;Elche;28;1992;24;15;1404;15.6;3;1;3;0;0;4;0;0.19;0.06;0.26;0.19;0.26;22;9;40.9;1.41;0.58;0.14;0.33;10.6;0;0;0;4;0;0;19;40;4;3;11;17;0;0;0;83;26;38;40.6
338;Alejandro Millán;ESP;DL;Villarreal;21;1999;1;0;2;0.0;0;0;0;0;0;0;0;0.00;0.00;0.00;0.00;0.00;0;0;;0.00;0.00;;;;0;0;0;0;0;0;1;0;0;0;0;0;0;0;0;0;0;0;
339;Santi Mina;ESP;DL;Celta Vigo;25;1995;26;21;1787;19.9;8;1;8;0;0;4;0;0.40;0.05;0.45;0.40;0.45;36;18;50.0;1.81;0.91;0.22;0.44;12.6;1;0;0;4;0;0;54;46;6;6;7;13;1;0;0;81;64;77;45.4
340;Óscar Mingueza;ESP;DF;Barcelona;21;1999;20;17;1469;16.3;1;1;1;0;0;3;0;0.06;0.06;0.12;0.06;0.12;8;4;50.0;0.49;0.25;0.13;0.25;12.0;0;0;0;3;0;0;18;13;1;13;20;33;0;0;0;123;13;19;40.6
341;Rafa Mir;ESP;DL;Huesca;23;1997;29;23;2095;23.3;10;1;9;1;2;2;0;0.43;0.04;0.47;0.39;0.43;84;32;38.1;3.61;1.37;0.11;0.28;14.8;1;1;2;2;0;0;40;19;26;14;8;7;1;0;0;83;92;92;50.0
342;Jorge Miramón;ESP;DF;Levante;31;1989;22;17;1549;17.2;0;2;0;0;0;1;0;0.00;0.12;0.12;0.00;0.12;9;0;0.0;0.52;0.00;0.00;;16.6;0;0;0;1;0;0;13;10;1;46;30;24;1;0;0;145;23;21;52.3
343;Juan Miranda;ESP;DF;Betis;21;2000;15;12;1137;12.6;1;1;1;0;0;3;0;0.08;0.08;0.16;0.08;0.16;3;2;66.7;0.24;0.16;0.33;0.50;21.9;0;0;0;3;0;0;16;13;0;41;18;11;0;0;0;91;25;29;46.3
344;Luka Modrić;CRO;CC;Real Madrid;35;1985;28;25;2142;23.8;3;3;3;0;0;3;0;0.13;0.13;0.25;0.13;0.25;34;10;29.4;1.43;0.42;0.09;0.30;21.6;1;0;0;3;0;0;22;28;1;43;39;23;0;0;0;177;19;16;54.3
345;Johan Mojica;COL;DF;Elche;28;1992;12;11;887;9.9;0;0;0;0;0;2;0;0.00;0.00;0.00;0.00;0.00;4;1;25.0;0.41;0.10;0.00;0.00;26.0;0;0;0;2;0;0;12;9;1;29;19;11;0;0;0;85;10;12;45.5
346;Guillem Molina;ESP;DF;Valencia;20;2000;1;0;74;0.8;0;0;0;0;0;1;0;0.00;0.00;0.00;0.00;0.00;0;0;;0.00;0.00;;;;0;0;0;1;0;0;1;1;0;0;1;0;0;0;0;9;2;3;40.0
347;Jorge Molina;ESP;DL,CC;Granada;38;1982;24;11;1079;12.0;4;2;4;0;1;1;0;0.33;0.17;0.50;0.33;0.50;20;8;40.0;1.67;0.67;0.20;0.50;12.1;0;0;1;1;0;0;19;21;6;4;1;5;1;0;0;56;59;62;48.8
348;Victor Mollejo;ESP;CC,DF;Getafe;20;2001;4;0;72;0.8;0;0;0;0;0;0;0;0.00;0.00;0.00;0.00;0.00;0;0;;0.00;0.00;;;;0;0;0;0;0;0;0;2;0;2;0;1;0;0;0;3;1;2;33.3
349;Jon Moncayola;ESP;CC;Osasuna;22;1998;27;22;2026;22.5;1;0;1;0;0;7;1;0.04;0.00;0.04;0.04;0.04;26;8;30.8;1.15;0.36;0.04;0.13;27.6;0;0;0;7;1;1;33;7;0;17;15;21;0;1;0;232;26;22;54.2
350;Nacho Monreal;ESP;DF;Real Sociedad;35;1986;17;14;1328;14.8;1;1;1;0;0;0;0;0.07;0.07;0.14;0.07;0.14;9;1;11.1;0.61;0.07;0.11;1.00;11.2;0;0;0;0;0;0;15;10;2;27;17;15;0;0;0;142;28;17;62.2
351;Ángel Montoro;ESP;CC;Granada;32;1988;17;14;1122;12.5;1;1;0;1;1;3;0;0.08;0.08;0.16;0.00;0.08;10;1;10.0;0.80;0.08;0.00;0.00;31.6;2;1;1;3;0;0;19;19;1;26;12;11;0;0;0;107;11;19;36.7
352;Martín Montoya;ESP;DF;Betis;29;1991;5;2;239;2.7;0;0;0;0;0;0;1;0.00;0.00;0.00;0.00;0.00;2;0;0.0;0.75;0.00;0.00;;14.4;0;0;0;0;1;0;4;1;0;5;1;2;0;0;0;27;7;3;70.0
353;Emre Mor;TUR;DL,CC;Celta Vigo;23;1997;11;6;500;5.6;0;0;0;0;0;2;0;0.00;0.00;0.00;0.00;0.00;8;2;25.0;1.44;0.36;0.00;0.00;18.8;0;0;0;2;0;0;7;13;6;4;2;7;0;0;0;23;4;11;26.7
354;Jon Morcillo;ESP;DL,CC;Athletic Club;22;1998;22;8;813;9.0;0;2;0;0;0;3;0;0.00;0.22;0.22;0.00;0.22;13;3;23.1;1.44;0.33;0.00;0.00;24.1;2;0;0;3;0;0;16;13;2;57;6;4;0;0;0;51;10;7;58.8
355;Alberto Moreno;ESP;CC;Villarreal;28;1992;1;0;7;0.1;0;0;0;0;0;0;0;0.00;0.00;0.00;0.00;0.00;0;0;;0.00;0.00;;;;0;0;0;0;0;0;0;0;0;0;0;1;0;0;0;0;0;0;
356;Álex Moreno;ESP;DF;Betis;27;1993;19;17;1491;16.6;0;1;0;0;0;3;0;0.00;0.06;0.06;0.00;0.06;10;3;30.0;0.60;0.18;0.00;0.00;19.1;0;0;0;3;0;0;15;15;0;42;20;20;0;0;0;211;17;20;45.9
357;Gerard Moreno;ESP;DL,CC;Villarreal;29;1992;24;24;2060;22.9;19;5;10;9;9;3;0;0.83;0.22;1.05;0.44;0.66;69;29;42.0;3.01;1.27;0.14;0.34;16.3;0;9;9;3;0;0;35;44;12;38;12;10;0;0;0;96;53;60;46.9
358;Tete Morente;ESP;CC,DL;Elche;24;1996;25;19;1744;19.4;2;4;2;0;0;5;0;0.10;0.21;0.31;0.10;0.31;17;3;17.6;0.88;0.15;0.12;0.67;17.5;0;0;0;5;0;0;19;33;5;43;14;23;0;0;0;120;17;20;45.9
359;Loren Morón;ESP;DL,CC;Betis;27;1993;20;9;912;10.1;1;0;1;0;0;1;0;0.10;0.00;0.10;0.10;0.10;20;2;10.0;1.97;0.20;0.05;0.50;17.6;0;0;0;1;0;0;12;19;7;2;5;7;1;0;0;37;27;46;37.0
360;Pedro Mosquera;ESP;CC;Huesca;32;1988;19;19;1680;18.7;0;0;0;0;0;1;0;0.00;0.00;0.00;0.00;0.00;7;1;14.3;0.37;0.05;0.00;0.00;30.5;0;0;0;1;0;0;23;19;0;1;12;20;0;0;0;216;24;39;38.1
361;Javi Moyano;ESP;DF;Valladolid;35;1986;2;2;103;1.1;0;0;0;0;0;0;0;0.00;0.00;0.00;0.00;0.00;0;0;;0.00;0.00;;;;0;0;0;0;0;0;0;1;0;1;0;0;0;0;0;9;3;1;75.0
362;Iker Muniain;ESP;CC,DL;Athletic Club;28;1992;27;23;1916;21.3;5;3;5;0;0;1;0;0.23;0.14;0.38;0.23;0.38;23;9;39.1;1.08;0.42;0.22;0.56;14.8;1;0;0;1;0;0;18;67;1;32;14;19;1;0;0;120;10;16;38.5
363;Aihen Muñoz;ESP;DF;Real Sociedad;23;1997;16;14;1210;13.4;0;1;0;0;0;6;0;0.00;0.07;0.07;0.00;0.07;4;1;25.0;0.30;0.07;0.00;0.00;21.5;0;0;0;6;0;0;20;9;0;50;8;14;0;0;0;129;20;19;51.3
364;Joaquín Muñoz;ESP;DL;Huesca;22;1999;3;0;41;0.5;0;0;0;0;0;0;0;0.00;0.00;0.00;0.00;0.00;1;1;100.0;2.20;2.20;0.00;0.00;14.4;0;0;0;0;0;0;2;2;0;0;0;0;0;0;0;4;1;3;25.0
365;Jeison Murillo;COL;DF;Celta Vigo;28;1992;27;27;2339;26.0;1;0;1;0;0;9;1;0.04;0.00;0.04;0.04;0.04;6;2;33.3;0.23;0.08;0.17;0.50;8.6;0;0;0;9;1;1;42;26;0;0;25;26;0;0;0;233;59;52;53.2
366;Yunus Musah;USA;CC;Valencia;18;2002;26;15;1290;14.3;1;0;1;0;0;1;0;0.07;0.00;0.07;0.07;0.07;5;1;20.0;0.35;0.07;0.20;1.00;21.0;0;0;0;1;0;0;16;21;2;14;5;11;0;0;0;84;12;20;37.5
367;Yoshinori Mutō;JPN;DL,CC;Eibar;28;1992;22;12;1044;11.6;1;1;1;0;0;0;0;0.09;0.09;0.17;0.09;0.17;19;6;31.6;1.64;0.52;0.05;0.17;16.1;0;0;0;0;0;0;27;14;6;6;4;8;1;0;0;62;33;44;42.9
368;Nacho;ESP;DF;Valladolid;32;1989;20;19;1627;18.1;0;1;0;0;0;3;1;0.00;0.06;0.06;0.00;0.06;8;1;12.5;0.44;0.06;0.00;0.00;21.3;3;0;0;3;1;0;12;19;0;36;22;18;0;0;0;172;11;26;29.7
369;Nacho;ESP;DF;Real Madrid;31;1990;16;16;1392;15.5;0;0;0;0;0;4;0;0.00;0.00;0.00;0.00;0.00;6;2;33.3;0.39;0.13;0.00;0.00;10.3;0;0;0;4;0;0;28;20;2;10;22;16;0;1;0;108;28;24;53.8
370;Nano;ESP;DL,CC;Cádiz;26;1995;1;0;9;0.1;0;0;0;0;0;0;0;0.00;0.00;0.00;0.00;0.00;0;0;;0.00;0.00;;;;0;0;0;0;0;0;0;0;0;0;0;0;0;0;0;2;0;2;0.0
371;Roberto Navarro;ESP;CC;Real Sociedad;18;2002;1;0;35;0.4;0;0;0;0;0;0;0;0.00;0.00;0.00;0.00;0.00;0;0;;0.00;0.00;;;;0;0;0;0;0;0;1;1;0;0;0;2;0;0;0;5;0;0;
372;Ximo Navarro;ESP;DF;Alavés;31;1990;22;21;1742;19.4;1;1;1;0;0;6;0;0.05;0.05;0.10;0.05;0.10;12;3;25.0;0.62;0.15;0.08;0.33;25.2;0;0;0;6;0;0;26;27;0;18;34;25;1;0;0;167;19;26;42.2
373;Jesús Navas;ESP;DF;Sevilla;35;1985;26;26;2112;23.5;0;6;0;0;0;4;0;0.00;0.26;0.26;0.00;0.26;12;2;16.7;0.51;0.09;0.00;0.00;19.6;0;0;0;4;0;0;10;15;2;108;20;13;0;0;0;210;22;12;64.7
374;Raúl Navas;ESP;DF;Osasuna;32;1988;2;2;168;1.9;0;0;0;0;0;0;0;0.00;0.00;0.00;0.00;0.00;0;0;;0.00;0.00;;;;0;0;0;0;0;0;2;0;0;0;3;5;0;1;0;17;1;0;100.0
375;Álvaro Negredo;ESP;DL;Cádiz;35;1985;26;24;1832;20.4;7;3;7;0;0;3;1;0.34;0.15;0.49;0.34;0.49;40;17;42.5;1.97;0.84;0.18;0.41;12.8;0;0;0;3;1;1;15;29;7;11;2;6;0;1;0;67;108;126;46.2
376;Neto;BRA;PO;Barcelona;31;1989;6;6;540;6.0;0;0;0;0;0;0;0;0.00;0.00;0.00;0.00;0.00;0;0;;0.00;0.00;;;;0;0;0;0;0;0;0;0;0;0;0;0;0;0;0;22;0;0;
377;Carlos Neva;ESP;DF;Granada;24;1996;20;20;1716;19.1;0;0;0;0;0;1;0;0.00;0.00;0.00;0.00;0.00;8;1;12.5;0.42;0.05;0.00;0.00;22.1;0;0;0;1;0;0;7;24;1;28;31;7;0;0;0;119;10;35;22.2
378;Mamor Niang;SEN;DL,CC;Getafe;19;2002;1;0;22;0.2;0;0;0;0;0;0;0;0.00;0.00;0.00;0.00;0.00;1;0;0.0;4.09;0.00;0.00;;8.0;0;0;0;0;0;0;0;1;0;0;1;1;0;0;0;2;1;4;20.0
379;Manuel Nieto;ESP;DL,CC;Cádiz;23;1998;2;0;14;0.2;0;0;0;0;0;0;0;0.00;0.00;0.00;0.00;0.00;1;0;0.0;6.43;0.00;0.00;;3.0;0;0;0;0;0;0;0;0;0;0;0;1;0;0;0;2;0;0;
380;Saúl Ñíguez;ESP;CC,DF;Atlético Madrid;26;1994;24;15;1447;16.1;2;0;2;0;1;7;0;0.12;0.00;0.12;0.12;0.12;21;7;33.3;1.31;0.44;0.10;0.29;18.4;0;0;1;7;0;0;30;13;6;23;14;38;0;0;0;147;49;45;52.1
381;Nino;ESP;CC,DL;Elche;40;1980;11;0;220;2.4;0;0;0;0;0;1;0;0.00;0.00;0.00;0.00;0.00;3;1;33.3;1.23;0.41;0.00;0.00;13.0;0;0;0;1;0;0;2;5;1;3;0;0;0;0;0;11;1;6;14.3
382;Fernando Niño;ESP;DL;Villarreal;20;2000;13;7;498;5.5;3;0;3;0;0;1;0;0.54;0.00;0.54;0.54;0.54;12;6;50.0;2.17;1.08;0.25;0.50;8.7;0;0;0;1;0;0;6;14;4;1;0;1;0;0;0;20;8;16;33.3
383;Nolito;ESP;CC,DL;Celta Vigo;34;1986;27;26;1955;21.7;6;5;6;0;0;5;0;0.28;0.23;0.51;0.28;0.51;47;23;48.9;2.16;1.06;0.13;0.26;17.5;3;0;0;5;0;0;32;35;6;21;19;27;0;1;0;128;11;29;27.5
384;Unai Núñez;ESP;DF;Athletic Club;24;1997;17;15;1389;15.4;1;1;1;0;0;5;0;0.06;0.06;0.13;0.06;0.13;10;4;40.0;0.65;0.26;0.10;0.25;11.4;0;0;0;5;0;0;17;9;0;1;11;15;0;3;0;147;45;25;64.3
385;Kelechi Nwakali;NGA;CC,DL;Huesca;22;1998;5;1;141;1.6;0;0;0;0;0;1;0;0.00;0.00;0.00;0.00;0.00;0;0;;0.00;0.00;;;;0;0;0;1;0;0;3;2;0;0;0;6;0;0;0;13;2;1;66.7
386;Allan Nyom;CMR;CC,DF;Getafe;32;1988;25;23;1868;20.8;0;2;0;0;0;9;1;0.00;0.10;0.10;0.00;0.10;9;2;22.2;0.43;0.10;0.00;0.00;14.5;0;0;0;9;1;0;36;18;1;71;21;21;0;0;0;137;51;34;60.0
387;Jan Oblak;SVN;PO;Atlético Madrid;28;1993;29;29;2610;29.0;0;0;0;0;0;0;0;0.00;0.00;0.00;0.00;0.00;0;0;;0.00;0.00;;;;0;0;0;0;0;0;0;3;0;0;0;0;0;0;1;116;0;0;
388;Lucas Ocampos;ARG;DL;Sevilla;26;1994;25;22;1953;21.7;4;4;0;4;5;3;0;0.18;0.18;0.37;0.00;0.18;47;10;21.3;2.17;0.46;0.00;0.00;16.8;0;4;5;3;0;0;27;68;5;39;18;26;1;0;0;114;29;26;52.7
389;Álvaro Odriozola;ESP;DF;Real Madrid;25;1995;4;3;226;2.5;0;0;0;0;0;0;0;0.00;0.00;0.00;0.00;0.00;0;0;;0.00;0.00;;;;0;0;0;0;0;0;1;2;0;10;2;2;0;0;0;16;0;4;0.0
390;Shinji Okazaki;JPN;DL;Huesca;34;1986;21;13;1040;11.6;1;1;1;0;0;1;0;0.09;0.09;0.17;0.09;0.17;18;4;22.2;1.56;0.35;0.06;0.25;13.7;0;0;0;1;0;0;12;14;10;3;4;6;0;0;0;28;25;47;34.7
391;Lucas Olaza;URU;DF;Celta Vigo;26;1994;18;18;1615;17.9;0;2;0;0;0;4;0;0.00;0.11;0.11;0.00;0.11;11;2;18.2;0.61;0.11;0.00;0.00;26.9;1;0;0;4;0;0;18;18;2;43;17;22;1;0;1;166;24;27;47.1
392;Lucas Olaza;URU;DF;Valladolid;26;1994;7;7;630;7.0;0;0;0;0;0;3;0;0.00;0.00;0.00;0.00;0.00;2;0;0.0;0.29;0.00;0.00;;22.8;0;0;0;3;0;0;4;7;0;14;14;2;0;0;0;59;13;7;65.0
393;Christian Oliva;URU;CC;Valencia;24;1996;4;1;132;1.5;0;1;0;0;0;0;0;0.00;0.68;0.68;0.00;0.68;1;1;100.0;0.68;0.68;0.00;0.00;31.1;0;0;0;0;0;0;3;3;0;0;3;1;0;0;0;8;1;0;100.0
394;Paulo Oliveira;POR;DF;Eibar;29;1992;22;21;1908;21.2;0;1;0;0;0;1;0;0.00;0.05;0.05;0.00;0.05;8;3;37.5;0.38;0.14;0.00;0.00;11.5;0;0;0;1;0;0;22;6;1;1;18;19;0;0;0;274;73;50;59.3
395;Mathías Olivera;URU;DF;Getafe;23;1997;24;23;1991;22.1;0;0;0;0;0;5;0;0.00;0.00;0.00;0.00;0.00;7;1;14.3;0.32;0.05;0.00;0.00;13.2;0;0;0;5;0;0;23;19;2;45;19;26;0;1;0;244;57;53;51.8
396;Javier Ontiveros;ESP;DL,CC;Huesca;23;1997;20;10;918;10.2;2;1;1;1;1;5;0;0.20;0.10;0.29;0.10;0.20;35;9;25.7;3.43;0.88;0.03;0.11;24.8;4;1;1;5;0;0;27;33;0;20;12;19;0;0;0;83;5;14;26.3
397;Fabián Orellana;CHI;CC,DL;Valladolid;35;1986;25;22;1759;19.5;4;2;1;3;3;5;0;0.20;0.10;0.31;0.05;0.15;21;11;52.4;1.07;0.56;0.05;0.09;18.3;1;3;3;5;0;0;22;45;4;43;12;16;0;0;0;131;11;47;19.0
398;Mikel Oyarzabal;ESP;DL,CC;Real Sociedad;23;1997;24;22;1725;19.2;10;6;4;6;7;1;0;0.52;0.31;0.83;0.21;0.52;47;18;38.3;2.45;0.94;0.09;0.22;19.1;2;6;7;1;0;0;20;26;15;46;14;12;1;0;0;128;14;32;30.4
399;Fernando Pacheco;ESP;PO;Alavés;28;1992;29;29;2610;29.0;0;0;0;0;0;1;0;0.00;0.00;0.00;0.00;0.00;0;0;;0.00;0.00;;;;0;0;0;1;0;0;0;3;0;0;0;0;0;0;0;111;0;0;
400;Helibelton Palacios;COL;DF;Elche;27;1993;3;3;270;3.0;0;0;0;0;0;0;0;0.00;0.00;0.00;0.00;0.00;0;0;;0.00;0.00;;;;0;0;0;0;0;0;3;2;0;3;4;4;0;0;0;17;2;2;50.0
401;Ante Palaversa;CRO;CC,DL;Getafe;21;2000;2;0;9;0.1;0;0;0;0;0;0;0;0.00;0.00;0.00;0.00;0.00;0;0;;0.00;0.00;;;;0;0;0;0;0;0;1;0;0;0;0;1;0;0;0;2;0;0;
402;Daniel Parejo;ESP;CC;Villarreal;31;1989;27;27;2396;26.6;3;2;3;0;0;4;0;0.11;0.08;0.19;0.11;0.19;24;8;33.3;0.90;0.30;0.13;0.38;23.1;5;0;0;4;0;0;29;47;0;25;21;45;0;0;0;254;19;18;51.4
403;Thomas Partey;GHA;CC;Atlético Madrid;27;1993;3;2;200;2.2;0;0;0;0;0;1;0;0.00;0.00;0.00;0.00;0.00;5;0;0.0;2.25;0.00;0.00;;35.5;0;0;0;1;0;0;5;1;0;0;2;7;0;0;0;26;3;1;75.0
404;John Patrick;ESP;CC,DF;Getafe;17;2003;6;0;65;0.7;0;0;0;0;0;0;0;0.00;0.00;0.00;0.00;0.00;2;0;0.0;2.77;0.00;0.00;;17.0;0;0;0;0;0;0;2;0;0;0;1;1;0;0;0;7;1;3;25.0
405;Gabriel Paulista;BRA;DF;Valencia;30;1990;23;23;1996;22.2;2;1;2;0;0;4;0;0.09;0.05;0.14;0.09;0.14;11;4;36.4;0.50;0.18;0.18;0.50;15.7;0;0;0;4;0;0;11;20;0;0;38;9;0;1;0;188;53;30;63.9
406;Alfonso Pedraza;ESP;DF;Villarreal;24;1996;24;20;1688;18.8;1;2;1;0;0;7;0;0.05;0.11;0.16;0.05;0.16;18;6;33.3;0.96;0.32;0.06;0.17;17.2;0;0;0;7;0;0;35;22;1;66;21;19;2;0;1;158;37;21;63.8
407;Pedri;ESP;CC;Barcelona;18;2002;29;21;1897;21.1;2;3;2;0;0;1;0;0.09;0.14;0.24;0.09;0.24;18;5;27.8;0.85;0.24;0.11;0.40;16.5;0;0;0;1;0;0;15;34;0;9;26;26;1;0;0;145;5;8;38.5
408;Facundo Pellistri;URU;CC;Alavés;19;2001;6;4;386;4.3;0;0;0;0;0;0;0;0.00;0.00;0.00;0.00;0.00;5;2;40.0;1.17;0.47;0.00;0.00;20.8;0;0;0;0;0;0;3;7;0;6;4;4;0;0;0;34;6;11;35.3
409;Rubén Peña;ESP;DF,DL;Villarreal;29;1991;13;9;849;9.4;1;0;1;0;0;1;0;0.11;0.00;0.11;0.11;0.11;5;2;40.0;0.53;0.21;0.20;0.50;16.5;0;0;0;1;0;0;16;13;0;27;10;14;0;0;0;82;15;11;57.7
410;Pepe;ESP;DF;Granada;21;2000;2;2;163;1.8;0;0;0;0;0;0;0;0.00;0.00;0.00;0.00;0.00;1;0;0.0;0.55;0.00;0.00;;24.7;0;0;0;0;0;0;2;1;0;0;1;4;0;1;0;20;1;3;25.0
411;Alberto Perea;ESP;CC;Cádiz;30;1990;23;14;1341;14.9;1;2;1;0;0;0;0;0.07;0.13;0.20;0.07;0.20;25;5;20.0;1.68;0.34;0.04;0.20;21.2;4;0;0;0;0;0;4;33;1;32;29;13;0;0;0;91;6;13;31.6
412;Iñigo Pérez;ESP;CC,DF;Osasuna;33;1988;21;15;1268;14.1;0;0;0;0;0;4;1;0.00;0.00;0.00;0.00;0.00;9;2;22.2;0.64;0.14;0.00;0.00;25.4;1;0;0;4;1;1;13;11;0;25;9;13;0;0;0;112;12;25;32.4
413;Juan Pérez;ESP;PO;Osasuna;24;1996;1;1;90;1.0;0;0;0;0;0;0;0;0.00;0.00;0.00;0.00;0.00;0;0;;0.00;0.00;;;;0;0;0;0;0;0;0;0;0;0;0;0;0;0;0;4;0;0;
414;Kike Pérez;ESP;CC;Valladolid;24;1997;21;11;1039;11.5;0;0;0;0;0;2;0;0.00;0.00;0.00;0.00;0.00;13;4;30.8;1.13;0.35;0.00;0.00;21.4;1;0;0;2;0;0;27;21;0;11;10;17;1;0;0;110;26;39;40.0
415;Lucas Pérez;ESP;DL;Alavés;32;1988;20;13;1269;14.1;4;3;1;3;4;1;0;0.28;0.21;0.50;0.07;0.28;20;6;30.0;1.42;0.43;0.05;0.17;18.8;2;3;4;1;0;0;8;26;10;32;4;6;1;0;0;72;5;12;29.4
416;Luis Pérez;ESP;DF;Valladolid;26;1995;18;12;1113;12.4;0;0;0;0;0;1;0;0.00;0.00;0.00;0.00;0.00;1;0;0.0;0.08;0.00;0.00;;19.7;0;0;0;1;0;0;15;14;1;27;12;20;0;1;0;112;24;14;63.2
417;Nehuén Pérez;ARG;DF;Granada;20;2000;7;5;481;5.3;0;0;0;0;0;2;0;0.00;0.00;0.00;0.00;0.00;4;0;0.0;0.75;0.00;0.00;;9.1;0;0;0;2;0;0;5;1;0;0;5;3;0;0;0;31;15;10;60.0
418;Pablo Piatti;ARG;DL,CC;Elche;32;1989;2;0;28;0.3;0;0;0;0;0;0;0;0.00;0.00;0.00;0.00;0.00;1;1;100.0;3.21;3.21;0.00;0.00;22.0;0;0;0;0;0;0;2;1;0;3;0;0;0;0;0;1;0;3;0.0
419;Tomás Pina Isla;ESP;CC;Alavés;33;1987;24;22;1822;20.2;1;0;1;0;0;10;0;0.05;0.00;0.05;0.05;0.05;7;1;14.3;0.35;0.05;0.14;1.00;17.2;0;0;0;10;0;0;50;14;2;1;30;22;0;0;0;194;33;37;47.1
420;Yeremi Pino;ESP;DL,CC;Villarreal;18;2002;15;2;433;4.8;1;1;1;0;0;3;0;0.21;0.21;0.42;0.21;0.42;7;2;28.6;1.45;0.42;0.14;0.50;13.7;0;0;0;3;0;0;15;9;1;6;5;6;1;1;0;20;6;6;50.0
421;Gerard Piqué;ESP;DF;Barcelona;34;1987;11;11;923;10.3;0;0;0;0;0;2;0;0.00;0.00;0.00;0.00;0.00;3;0;0.0;0.29;0.00;0.00;;7.8;0;0;0;2;0;0;7;5;2;0;8;12;0;0;0;126;35;14;71.4
422;Miralem Pjanić;BIH;CC;Barcelona;31;1990;17;6;605;6.7;0;0;0;0;0;1;0;0.00;0.00;0.00;0.00;0.00;15;3;20.0;2.23;0.45;0.00;0.00;21.8;2;0;0;1;0;0;4;10;0;1;7;5;0;0;0;71;5;4;55.6
423;Óscar Plano;ESP;CC,DL;Valladolid;30;1991;28;22;1828;20.3;3;4;3;0;0;1;1;0.15;0.20;0.34;0.15;0.34;24;6;25.0;1.18;0.30;0.13;0.50;16.8;0;0;0;1;1;0;39;42;2;21;25;30;0;1;0;159;47;55;46.1
424;Dani Plomer;ESP;DL;Granada;22;1998;1;0;45;0.5;0;0;0;0;0;0;0;0.00;0.00;0.00;0.00;0.00;0;0;;0.00;0.00;;;;0;0;0;0;0;0;0;0;0;0;0;0;0;0;0;0;0;2;0.0
425;Jorge Pombo;ESP;DL,CC;Cádiz;27;1994;9;4;434;4.8;1;0;1;0;0;1;0;0.21;0.00;0.21;0.21;0.21;13;4;30.8;2.70;0.83;0.08;0.25;20.1;0;0;0;1;0;0;7;11;0;8;0;4;0;0;0;37;3;2;60.0
426;Pere Pons;ESP;CC;Alavés;28;1993;13;7;724;8.0;0;0;0;0;0;1;0;0.00;0.00;0.00;0.00;0.00;4;1;25.0;0.50;0.12;0.00;0.00;15.1;0;0;0;1;0;0;12;8;1;4;7;11;0;0;0;78;7;15;31.8
427;Francisco Portillo;ESP;CC,DL;Getafe;30;1990;15;3;397;4.4;0;1;0;0;0;1;0;0.00;0.23;0.23;0.00;0.23;0;0;;0.00;0.00;;;;0;0;0;1;0;0;4;4;0;11;4;3;0;0;0;39;1;13;7.1
428;Portu;ESP;DL,CC;Real Sociedad;28;1992;28;18;1639;18.2;7;3;7;0;0;2;0;0.38;0.16;0.55;0.38;0.55;22;8;36.4;1.21;0.44;0.32;0.88;12.6;0;0;0;2;0;0;25;22;18;48;8;11;0;0;0;86;18;25;41.9
429;Sergio Postigo;ESP;DF;Levante;32;1988;17;14;1208;13.4;0;0;0;0;0;2;0;0.00;0.00;0.00;0.00;0.00;1;0;0.0;0.07;0.00;0.00;;11.2;0;0;0;2;0;0;12;12;0;0;23;10;0;0;0;84;20;13;60.6
430;Darío Poveda;ESP;DL;Getafe;24;1997;1;0;5;0.1;0;0;0;0;0;0;0;0.00;0.00;0.00;0.00;0.00;0;0;;0.00;0.00;;;;0;0;0;0;0;0;1;0;0;0;0;0;0;0;0;1;2;1;66.7
431;Alejandro Pozo Pozo;ESP;DF,CC;Eibar;22;1999;24;20;1851;20.6;0;0;0;0;0;4;0;0.00;0.00;0.00;0.00;0.00;7;0;0.0;0.34;0.00;0.00;;22.6;0;0;0;4;0;0;21;14;2;45;26;24;0;0;0;178;8;36;18.2
432;Antonio Puertas;ESP;DL,CC;Granada;29;1992;27;15;1564;17.4;1;3;1;0;0;4;0;0.06;0.17;0.23;0.06;0.23;21;8;38.1;1.21;0.46;0.05;0.13;15.3;0;0;0;4;0;0;21;17;9;36;11;9;0;0;0;115;43;69;38.4
433;Riqui Puig;ESP;CC;Barcelona;21;1999;11;2;205;2.3;1;0;1;0;0;0;0;0.44;0.00;0.44;0.44;0.44;4;2;50.0;1.76;0.88;0.25;0.50;17.0;0;0;0;0;0;0;1;6;0;0;1;2;0;0;0;16;1;2;33.3
434;Jorge Pulido;ESP;DF;Huesca;30;1991;25;24;2165;24.1;1;0;1;0;0;5;1;0.04;0.00;0.04;0.04;0.04;15;2;13.3;0.62;0.08;0.07;0.50;12.5;0;0;0;5;1;1;25;18;4;5;22;20;0;0;0;242;48;41;53.9
435;Domingos Quina;POR;CC;Granada;21;1999;6;5;310;3.4;2;0;2;0;0;0;0;0.58;0.00;0.58;0.58;0.58;7;2;28.6;2.03;0.58;0.29;1.00;21.9;0;0;0;0;0;0;2;9;1;2;3;5;0;0;0;27;5;5;50.0
436;Quini;ESP;DF;Granada;31;1989;11;5;516;5.7;0;0;0;0;0;2;0;0.00;0.00;0.00;0.00;0.00;3;0;0.0;0.52;0.00;0.00;;21.9;0;0;0;2;0;0;14;4;0;16;7;15;0;0;0;52;15;1;93.8
437;Quique;ESP;DL;Eibar;30;1990;8;0;87;1.0;0;0;0;0;0;0;0;0.00;0.00;0.00;0.00;0.00;2;1;50.0;2.07;1.03;0.00;0.00;16.5;0;0;0;0;0;0;2;3;1;0;0;0;0;0;0;6;4;6;40.0
438;Dani Raba;ESP;CC;Villarreal;25;1995;1;0;30;0.3;0;0;0;0;0;0;0;0.00;0.00;0.00;0.00;0.00;2;0;0.0;6.00;0.00;0.00;;21.0;1;0;0;0;0;0;1;0;1;0;0;2;0;0;0;4;1;0;100.0
439;Uroš Račić;SRB;CC;Valencia;23;1998;22;18;1596;17.7;1;0;1;0;0;5;0;0.06;0.00;0.06;0.06;0.06;27;7;25.9;1.52;0.39;0.04;0.14;21.4;0;0;0;5;0;0;32;18;0;1;13;22;0;1;0;207;68;34;66.7
440;Nemanja Radoja;SRB;CC;Levante;28;1993;20;12;1103;12.3;0;2;0;0;0;1;0;0.00;0.16;0.16;0.00;0.16;7;0;0.0;0.57;0.00;0.00;;22.2;0;0;0;1;0;0;15;8;0;3;12;11;0;0;0;129;25;14;64.1
441;Ivan Rakitić;CRO;CC;Sevilla;33;1988;28;20;1758;19.5;1;1;1;0;0;5;0;0.05;0.05;0.10;0.05;0.10;29;6;20.7;1.48;0.31;0.03;0.17;18.5;2;0;0;5;0;0;29;17;2;13;14;23;1;0;0;160;24;31;43.6
442;Sandro Ramírez;ESP;DL,CC;Huesca;25;1995;11;8;626;7.0;3;1;3;0;0;1;0;0.43;0.14;0.58;0.43;0.58;12;9;75.0;1.73;1.29;0.25;0.33;15.7;0;0;0;1;0;0;9;29;5;9;8;7;0;0;0;33;7;16;30.4
443;Sergio Ramos;ESP;DF;Real Madrid;35;1986;15;15;1275;14.2;2;0;0;2;2;3;0;0.14;0.00;0.14;0.00;0.00;15;4;26.7;1.06;0.28;0.00;0.00;12.1;3;2;2;3;0;0;17;6;2;5;16;12;1;1;0;153;29;22;56.9
444;Recio;ESP;CC;Eibar;30;1991;11;5;379;4.2;0;0;0;0;0;3;0;0.00;0.00;0.00;0.00;0.00;8;0;0.0;1.90;0.00;0.00;;19.7;1;0;0;3;0;0;12;10;0;10;4;8;0;0;0;45;6;12;33.3
445;Francisco Reis Ferreira;POR;DF;Valencia;24;1997;2;1;91;1.0;0;0;0;0;0;0;0;0.00;0.00;0.00;0.00;0.00;0;0;;0.00;0.00;;;;0;0;0;0;0;0;0;0;0;0;1;0;0;0;0;8;0;1;0.0
446;Karim Rekik;NED;DF;Sevilla;26;1994;10;5;563;6.3;0;0;0;0;0;2;0;0.00;0.00;0.00;0.00;0.00;3;0;0.0;0.48;0.00;0.00;;8.4;0;0;0;2;0;0;17;4;1;8;5;7;0;0;0;29;13;4;76.5
447;Álex Remiro;ESP;PO;Real Sociedad;26;1995;29;29;2610;29.0;0;0;0;0;0;0;0;0.00;0.00;0.00;0.00;0.00;0;0;;0.00;0.00;;;;0;0;0;0;0;0;0;7;0;0;0;0;0;0;0;133;0;0;
448;Oriol Rey;ESP;CC;Valladolid;23;1998;1;0;15;0.2;0;0;0;0;0;0;0;0.00;0.00;0.00;0.00;0.00;0;0;;0.00;0.00;;;;0;0;0;0;0;0;0;0;0;0;0;0;0;0;0;2;0;1;0.0
449;Ricard;ESP;DF;Atlético Madrid;21;2000;1;0;30;0.3;0;0;0;0;0;0;0;0.00;0.00;0.00;0.00;0.00;1;0;0.0;3.00;0.00;0.00;;19.2;0;0;0;0;0;0;0;0;0;2;0;1;0;0;0;2;0;1;0.0
450;Mikel Rico;ESP;CC;Huesca;36;1984;24;21;1721;19.1;1;2;1;0;0;1;0;0.05;0.10;0.16;0.05;0.16;16;5;31.3;0.84;0.26;0.06;0.20;15.3;0;0;0;1;0;0;13;16;2;19;15;12;0;0;0;156;13;19;40.6
451;Emiliano Rigoni;ARG;CC,DL;Elche;28;1993;19;11;1030;11.4;1;1;1;0;0;4;0;0.09;0.09;0.17;0.09;0.17;13;4;30.8;1.14;0.35;0.08;0.25;21.9;3;0;0;4;0;0;19;7;7;23;4;8;0;0;0;49;5;10;33.3
452;Luis Rioja;ESP;CC,DF;Alavés;27;1993;26;20;1639;18.2;2;1;2;0;0;3;0;0.11;0.05;0.16;0.11;0.16;17;8;47.1;0.93;0.44;0.12;0.25;17.4;0;0;0;3;0;0;15;22;4;44;20;10;1;0;0;111;15;33;31.3
453;Rober;ESP;DF;Levante;26;1995;12;9;856;9.5;0;1;0;0;0;3;1;0.00;0.11;0.11;0.00;0.11;0;0;;0.00;0.00;;;;0;0;0;3;1;0;9;3;1;0;22;10;0;0;0;79;15;19;44.1
454;Roberto;ESP;PO;Valladolid;35;1986;10;10;900;10.0;0;0;0;0;0;0;0;0.00;0.00;0.00;0.00;0.00;0;0;;0.00;0.00;;;;0;0;0;0;0;0;0;0;0;0;0;0;0;0;0;42;0;0;
455;Sergi Roberto;ESP;DF;Barcelona;29;1992;8;7;650;7.2;1;2;1;0;0;1;0;0.14;0.28;0.42;0.14;0.42;4;1;25.0;0.55;0.14;0.25;1.00;18.1;0;0;0;1;0;0;5;9;1;4;4;6;0;0;0;60;5;6;45.5
456;Joel Robles;ESP;PO;Betis;30;1990;18;18;1620;18.0;0;0;0;0;0;2;0;0.00;0.00;0.00;0.00;0.00;0;0;;0.00;0.00;;;;0;0;0;2;0;0;1;1;0;0;0;0;0;1;0;89;0;0;
457;Rubén Rochina;ESP;CC;Levante;30;1991;21;16;1256;14.0;0;1;0;0;0;4;0;0.00;0.07;0.07;0.00;0.07;33;7;21.2;2.36;0.50;0.00;0.00;24.6;0;0;0;4;0;0;35;28;0;25;19;25;0;0;0;141;20;12;62.5
458;Rodrigo;ESP;DL,CC;Betis;20;2000;11;3;381;4.2;0;0;0;0;0;0;0;0.00;0.00;0.00;0.00;0.00;3;0;0.0;0.71;0.00;0.00;;23.4;0;0;0;0;0;0;1;11;2;8;1;1;0;0;0;30;1;6;14.3
459;Kévin Rodrigues;POR;DF,CC;Eibar;27;1994;17;9;933;10.4;1;1;1;0;0;1;0;0.10;0.10;0.19;0.10;0.19;9;4;44.4;0.87;0.39;0.11;0.25;22.1;0;0;0;1;0;0;8;15;1;33;14;10;0;0;0;108;11;31;26.2
460;Óscar Rodríguez Arnaiz;ESP;CC,DL;Sevilla;22;1998;14;3;362;4.0;0;0;0;0;0;1;0;0.00;0.00;0.00;0.00;0.00;8;1;12.5;1.99;0.25;0.00;0.00;22.6;1;0;0;1;0;0;9;8;0;16;4;10;0;0;0;37;5;8;38.5
461;Ángel Rodríguez;ESP;DL,CC;Getafe;33;1987;25;9;1115;12.4;5;0;4;1;2;3;0;0.40;0.00;0.40;0.32;0.32;27;9;33.3;2.18;0.73;0.15;0.44;17.4;0;1;2;3;0;0;23;17;11;12;1;2;1;0;0;60;19;60;24.1
462;Guido Rodríguez;ARG;CC;Betis;26;1994;26;25;2055;22.8;1;0;1;0;0;9;0;0.04;0.00;0.04;0.04;0.04;22;4;18.2;0.96;0.18;0.05;0.25;19.6;0;0;0;9;0;0;48;37;0;3;32;52;0;1;0;264;34;32;51.5
463;Miguel Rodríguez;ESP;DL,CC;Celta Vigo;17;2003;4;0;30;0.3;0;0;0;0;0;2;0;0.00;0.00;0.00;0.00;0.00;0;0;;0.00;0.00;;;;0;0;0;2;0;0;2;1;0;1;0;2;0;0;0;1;0;1;0.0
464;Víctor Rodríguez;ESP;CC;Elche;31;1989;12;2;347;3.9;0;0;0;0;0;1;0;0.00;0.00;0.00;0.00;0.00;0;0;;0.00;0.00;;;;0;0;0;1;0;0;7;7;0;1;8;4;0;0;0;24;5;4;55.6
465;Rodrygo;BRA;DL;Real Madrid;20;2001;15;5;572;6.4;0;5;0;0;0;0;0;0.00;0.79;0.79;0.00;0.79;13;4;30.8;2.05;0.63;0.00;0.00;14.8;0;0;0;0;0;0;10;12;1;8;5;4;0;0;0;24;6;9;40.0
466;Facundo Roncaglia;ARG;DF;Osasuna;34;1987;15;13;1126;12.5;1;1;1;0;0;3;1;0.08;0.08;0.16;0.08;0.16;12;2;16.7;0.96;0.16;0.08;0.50;26.2;0;0;0;3;1;1;15;6;0;15;12;15;0;1;0;149;29;18;61.7
467;Rubén;ESP;PO,CC;Osasuna;36;1984;3;3;187;2.1;0;0;0;0;0;0;1;0.00;0.00;0.00;0.00;0.00;0;0;;0.00;0.00;;;;0;0;0;0;1;0;1;0;0;0;0;0;0;0;0;9;0;0;
468;Waldo Rubio;ESP;DL;Valladolid;25;1995;9;5;363;4.0;1;0;0;1;1;1;0;0.25;0.00;0.25;0.00;0.00;8;1;12.5;1.98;0.25;0.00;0.00;23.1;0;1;1;1;0;0;6;2;1;2;1;5;0;0;0;31;0;10;0.0
469;Aitor Ruibal;ESP;DL,CC;Betis;25;1996;20;16;1181;13.1;1;1;1;0;0;2;0;0.08;0.08;0.15;0.08;0.15;21;8;38.1;1.60;0.61;0.05;0.13;18.5;0;0;0;2;0;0;22;11;2;21;17;20;0;0;0;73;12;15;44.4
470;Isma Ruiz;ESP;CC;Granada;20;2001;1;1;67;0.7;0;0;0;0;0;0;0;0.00;0.00;0.00;0.00;0.00;0;0;;0.00;0.00;;;;0;0;0;0;0;0;0;0;0;0;0;2;0;0;0;8;1;4;20.0
471;Víctor Ruiz;ESP;DF;Betis;32;1989;20;17;1527;17.0;1;0;1;0;0;5;0;0.06;0.00;0.06;0.06;0.06;3;3;100.0;0.18;0.18;0.33;0.33;13.6;0;0;0;5;0;0;19;4;2;0;31;8;0;0;2;168;50;29;63.3
472;Modibo Sagnan;MLI;DF;Real Sociedad;21;1999;13;6;513;5.7;0;0;0;0;0;2;0;0.00;0.00;0.00;0.00;0.00;3;1;33.3;0.53;0.18;0.00;0.00;35.1;1;0;0;2;0;0;12;4;0;0;5;3;0;0;0;48;13;14;48.1
473;Borja Sainz;ESP;CC,DL;Alavés;20;2001;18;2;418;4.6;1;0;1;0;0;1;0;0.22;0.00;0.22;0.22;0.22;7;4;57.1;1.51;0.86;0.14;0.25;15.0;0;0;0;1;0;0;14;6;4;11;5;5;0;0;0;30;2;11;15.4
474;Salvi;ESP;CC,DL;Cádiz;30;1991;24;21;1686;18.7;2;0;2;0;0;4;0;0.11;0.00;0.11;0.11;0.11;16;5;31.3;0.85;0.27;0.13;0.40;18.2;0;0;0;4;0;0;14;25;6;78;17;12;0;1;0;108;17;29;37.0
475;Fede San Emeterio;ESP;CC;Valladolid;24;1997;20;14;1191;13.2;0;0;0;0;0;6;0;0.00;0.00;0.00;0.00;0.00;3;0;0.0;0.23;0.00;0.00;;23.0;0;0;0;6;0;0;33;16;0;1;11;16;0;1;0;131;24;35;40.7
476;Antonio Sanabria;PAR;DL;Betis;25;1996;16;10;932;10.4;3;0;3;0;0;2;0;0.29;0.00;0.29;0.29;0.29;24;12;50.0;2.32;1.16;0.13;0.25;11.6;0;0;0;2;0;0;17;11;3;1;2;6;0;0;0;39;36;37;49.3
477;Oihan Sancet;ESP;DL,CC;Athletic Club;20;2000;15;3;399;4.4;1;1;1;0;0;0;0;0.23;0.23;0.45;0.23;0.45;7;2;28.6;1.58;0.45;0.14;0.50;13.4;0;0;0;0;0;0;10;7;2;3;0;5;0;0;0;32;7;12;36.8
478;Juan Sánchez Miño;ARG;DF,CC;Elche;31;1990;9;5;495;5.5;0;0;0;0;0;2;0;0.00;0.00;0.00;0.00;0.00;0;0;;0.00;0.00;;;;0;0;0;2;0;0;11;6;0;8;4;5;0;0;0;40;4;5;44.4
479;Germán Sánchez;ESP;DF;Granada;34;1986;25;21;1883;20.9;3;1;3;0;0;9;1;0.14;0.05;0.19;0.14;0.19;9;3;33.3;0.43;0.14;0.33;1.00;9.0;0;0;0;9;1;0;24;19;3;0;17;8;0;0;0;172;57;58;49.6
480;Javi Sánchez;ESP;DF;Valladolid;24;1997;12;7;664;7.4;0;0;0;0;0;2;0;0.00;0.00;0.00;0.00;0.00;2;0;0.0;0.27;0.00;0.00;;7.0;0;0;0;2;0;0;6;1;0;0;11;9;0;0;0;46;10;16;38.5
481;Manuel Sánchez;ESP;DF;Atlético Madrid;20;2000;1;1;49;0.5;0;1;0;0;0;0;0;0.00;1.84;1.84;0.00;1.84;0;0;;0.00;0.00;;;;0;0;0;0;0;0;0;0;0;0;0;0;0;0;0;4;0;0;
482;Manuel Sánchez;ESP;DF;Osasuna;20;2000;9;5;470;5.2;0;1;0;0;0;2;0;0.00;0.19;0.19;0.00;0.19;3;1;33.3;0.57;0.19;0.00;0.00;18.2;0;0;0;2;0;0;4;4;0;12;5;6;0;0;0;37;4;9;30.8
483;Oier Sanjurjo;ESP;CC;Osasuna;34;1986;26;20;1776;19.7;0;2;0;0;0;7;0;0.00;0.10;0.10;0.00;0.10;12;3;25.0;0.61;0.15;0.00;0.00;15.1;0;0;0;7;0;0;48;36;2;5;22;29;0;2;0;280;61;56;52.1
484;Ivan Šaponjić;SRB;DL;Cádiz;23;1997;5;0;131;1.5;0;0;0;0;0;2;0;0.00;0.00;0.00;0.00;0.00;3;2;66.7;2.06;1.37;0.00;0.00;8.3;0;0;0;2;0;0;3;4;1;0;1;0;0;0;0;6;2;8;20.0
485;Stefan Savić;MNE;DF;Atlético Madrid;30;1991;25;25;2250;25.0;0;0;0;0;0;13;0;0.00;0.00;0.00;0.00;0.00;5;1;20.0;0.20;0.04;0.00;0.00;5.9;0;0;0;13;0;0;25;11;2;2;22;20;0;1;0;248;70;37;65.4
486;Jaime Seoane;ESP;CC;Huesca;24;1997;22;16;1499;16.7;1;1;1;0;0;4;0;0.06;0.06;0.12;0.06;0.12;15;5;33.3;0.90;0.30;0.07;0.20;19.4;0;0;0;4;0;0;32;20;1;12;12;31;0;1;0;153;21;17;55.3
487;Edgar Sevikyan;RUS;CC;Levante;19;2001;1;0;8;0.1;0;0;0;0;0;0;0;0.00;0.00;0.00;0.00;0.00;0;0;;0.00;0.00;;;;0;0;0;0;0;0;0;1;0;1;0;0;0;0;0;2;0;0;
488;Sidnei;BRA;DF;Betis;31;1989;11;7;697;7.7;0;0;0;0;0;1;0;0.00;0.00;0.00;0.00;0.00;1;0;0.0;0.13;0.00;0.00;;5.1;0;0;0;1;0;0;7;8;0;0;10;4;0;0;0;78;19;20;48.7
489;David Silva;ESP;CC;Real Sociedad;35;1986;17;14;1150;12.8;1;4;1;0;0;4;0;0.08;0.31;0.39;0.08;0.39;14;2;14.3;1.10;0.16;0.07;0.50;13.7;1;0;0;4;0;0;22;15;0;11;14;11;0;1;0;109;11;22;33.3
490;Gastón Silva;URU;DF;Huesca;27;1994;8;5;409;4.5;0;0;0;0;0;2;0;0.00;0.00;0.00;0.00;0.00;0;0;;0.00;0.00;;;;0;0;0;2;0;0;6;1;0;1;4;12;0;0;0;34;4;4;50.0
491;Rui Silva;POR;PO;Granada;27;1994;28;28;2520;28.0;0;0;0;0;0;1;0;0.00;0.00;0.00;0.00;0.00;0;0;;0.00;0.00;;;;0;0;0;1;0;0;2;4;0;0;0;0;0;2;0;149;0;0;
492;Unai Simón;ESP;PO;Athletic Club;23;1997;29;29;2610;29.0;0;0;0;0;0;1;0;0.00;0.00;0.00;0.00;0.00;0;0;;0.00;0.00;;;;0;0;0;1;0;0;2;4;1;0;0;0;0;1;0;144;0;1;0.0
493;Dimitris Siovas;GRE;DF;Huesca;32;1988;28;28;2472;27.5;2;0;2;0;0;3;0;0.07;0.00;0.07;0.07;0.07;21;7;33.3;0.76;0.25;0.10;0.29;11.0;0;0;0;3;0;0;25;7;1;5;32;23;0;0;0;292;111;45;71.2
494;Rafa Soares;POR;DF;Eibar;25;1995;15;10;943;10.5;0;0;0;0;0;2;0;0.00;0.00;0.00;0.00;0.00;2;0;0.0;0.19;0.00;0.00;;19.9;0;0;0;2;0;0;7;3;1;38;13;15;0;0;0;118;16;15;51.6
495;Rubén Sobrino;ESP;DL,CC;Cádiz;28;1992;7;5;527;5.9;0;0;0;0;0;1;0;0.00;0.00;0.00;0.00;0.00;3;1;33.3;0.51;0.17;0.00;0.00;13.9;0;0;0;1;0;0;4;13;3;4;4;8;1;0;0;23;11;17;39.3
496;Rubén Sobrino;ESP;CC,DL;Valencia;28;1992;5;0;49;0.5;0;0;0;0;0;0;0;0.00;0.00;0.00;0.00;0.00;0;0;;0.00;0.00;;;;0;0;0;0;0;0;4;0;0;1;1;3;0;0;0;6;0;3;0.0
497;Augusto Solari;ARG;CC;Celta Vigo;29;1992;8;2;262;2.9;0;2;0;0;0;1;0;0.00;0.69;0.69;0.00;0.69;1;0;0.0;0.34;0.00;0.00;;19.0;0;0;0;1;0;0;13;1;0;8;4;6;0;0;0;24;9;5;64.3
498;Roberto Soldado;ESP;DL;Granada;35;1985;24;14;1221;13.6;6;0;5;1;1;5;0;0.44;0.00;0.44;0.37;0.37;24;8;33.3;1.77;0.59;0.21;0.63;16.8;2;1;1;5;0;0;21;13;17;15;5;6;0;0;0;62;24;68;26.1
499;Carlos Soler;ESP;CC;Valencia;24;1997;24;23;2043;22.7;7;5;1;6;7;5;0;0.31;0.22;0.53;0.04;0.26;21;6;28.6;0.93;0.26;0.05;0.17;26.2;6;6;7;5;0;0;20;30;0;18;15;13;0;0;0;200;16;23;41.0
500;Son;ESP;DF,CC;Levante;27;1994;23;8;871;9.7;0;0;0;0;0;3;0;0.00;0.00;0.00;0.00;0.00;7;5;71.4;0.72;0.52;0.00;0.00;18.3;0;0;0;3;0;0;11;11;0;31;14;8;0;0;0;78;12;10;54.5
501;David Soria;ESP;PO;Getafe;28;1993;20;20;1800;20.0;0;0;0;0;0;1;0;0.00;0.00;0.00;0.00;0.00;0;0;;0.00;0.00;;;;0;0;0;1;0;0;0;2;0;0;0;0;0;0;0;124;0;0;
502;Alberto Soro;ESP;DL,CC;Granada;22;1999;12;1;255;2.8;1;2;1;0;0;0;0;0.35;0.71;1.06;0.35;1.06;1;1;100.0;0.35;0.35;1.00;1.00;1.0;0;0;0;0;0;0;10;7;3;4;2;3;0;0;0;27;5;6;45.5
503;Damián Suárez;URU;DF;Getafe;32;1988;22;21;1811;20.1;1;0;1;0;0;11;1;0.05;0.00;0.05;0.05;0.05;8;2;25.0;0.40;0.10;0.13;0.50;33.0;2;0;0;11;1;1;41;26;0;47;23;24;0;1;0;190;30;23;56.6
504;Denis Suárez;ESP;CC;Celta Vigo;27;1994;26;25;2083;23.1;0;5;0;0;0;7;0;0.00;0.22;0.22;0.00;0.22;11;1;9.1;0.48;0.04;0.00;0.00;22.1;1;0;0;7;0;0;33;29;1;27;17;26;0;0;0;174;12;9;57.1
505;Luis Suárez;URU;DL;Atlético Madrid;34;1987;26;25;2046;22.7;19;2;16;3;3;5;0;0.84;0.09;0.92;0.70;0.79;78;34;43.6;3.43;1.50;0.21;0.47;16.6;5;3;3;5;0;0;20;35;24;12;5;4;2;0;0;69;20;29;40.8
506;Suso;ESP;DL;Sevilla;27;1993;25;19;1574;17.5;3;2;3;0;0;1;0;0.17;0.11;0.29;0.17;0.29;35;12;34.3;2.00;0.69;0.09;0.25;22.5;2;0;0;1;0;0;18;25;5;62;9;6;0;0;0;89;2;10;16.7
507;Tachi;ESP;DF;Alavés;23;1997;9;5;580;6.4;0;0;0;0;0;4;1;0.00;0.00;0.00;0.00;0.00;1;0;0.0;0.16;0.00;0.00;;9.0;0;0;0;4;1;1;9;12;0;1;5;6;1;0;0;51;19;13;59.4
508;Renato Tapia;PER;CC;Celta Vigo;25;1995;27;27;2313;25.7;0;1;0;0;0;11;0;0.00;0.04;0.04;0.00;0.04;13;3;23.1;0.51;0.12;0.00;0.00;15.5;0;0;0;11;0;0;62;43;1;4;36;44;0;0;0;315;57;46;55.3
509;Tomás Tavares;POR;CC,DF;Alavés;20;2001;3;0;65;0.7;0;0;0;0;0;0;0;0.00;0.00;0.00;0.00;0.00;0;0;;0.00;0.00;;;;0;0;0;0;0;0;1;0;0;2;1;1;0;0;0;4;1;2;33.3
510;Álvaro Tejero;ESP;DF;Eibar;24;1996;2;1;110;1.2;0;0;0;0;0;1;0;0.00;0.00;0.00;0.00;0.00;2;1;50.0;1.64;0.82;0.00;0.00;26.7;0;0;0;1;0;0;1;0;0;11;0;3;0;0;0;13;1;3;25.0
511;Cristian Tello;ESP;DL,CC;Betis;29;1991;21;8;896;10.0;4;3;4;0;0;0;0;0.40;0.30;0.70;0.40;0.70;27;11;40.7;2.71;1.10;0.15;0.36;20.9;1;0;0;0;0;0;4;5;2;20;7;8;0;0;0;71;9;6;60.0
512;Marc-André ter Stegen;GER;PO;Barcelona;28;1992;23;23;2070;23.0;0;0;0;0;0;0;0;0.00;0.00;0.00;0.00;0.00;0;0;;0.00;0.00;;;;0;0;0;0;0;0;1;0;0;0;0;0;0;1;0;99;0;0;
513;David Timor;ESP;CC,DF;Getafe;31;1989;24;9;856;9.5;0;0;0;0;0;4;0;0.00;0.00;0.00;0.00;0.00;13;3;23.1;1.37;0.32;0.00;0.00;31.9;7;0;0;4;0;0;12;11;0;8;8;6;0;0;0;137;32;26;55.2
514;Toño;ESP;DF;Levante;31;1989;9;6;485;5.4;0;0;0;0;0;2;0;0.00;0.00;0.00;0.00;0.00;2;0;0.0;0.37;0.00;0.00;;26.8;0;0;0;2;0;0;9;8;1;11;4;4;0;0;0;36;3;6;33.3
515;Lucas Torreira;URU;CC,DL;Atlético Madrid;25;1996;15;3;421;4.7;1;0;1;0;0;1;0;0.21;0.00;0.21;0.21;0.21;2;1;50.0;0.43;0.21;0.50;1.00;21.9;0;0;0;1;0;0;6;10;1;0;5;5;0;0;0;57;5;5;50.0
516;Óliver Torres;ESP;CC,DL;Sevilla;26;1994;25;14;1217;13.5;0;2;0;0;0;2;0;0.00;0.15;0.15;0.00;0.15;9;3;33.3;0.67;0.22;0.00;0.00;18.7;0;0;0;2;0;0;15;15;0;22;16;22;0;0;0;91;3;17;15.0
517;Pau Torres;ESP;DF;Villarreal;24;1997;27;27;2430;27.0;2;0;2;0;0;1;0;0.07;0.00;0.07;0.07;0.07;8;3;37.5;0.30;0.11;0.25;0.67;7.3;0;0;0;1;0;0;12;15;2;3;25;8;0;0;1;251;52;32;61.9
518;Roberto Torres;ESP;CC,DL;Osasuna;32;1989;26;15;1440;16.0;4;1;3;1;1;0;0;0.25;0.06;0.31;0.19;0.25;30;8;26.7;1.87;0.50;0.10;0.38;22.6;1;1;1;0;0;0;9;22;0;40;13;5;0;0;0;119;6;22;21.4
519;Lucas Torró;ESP;CC;Osasuna;26;1994;17;11;1034;11.5;0;1;0;0;0;3;0;0.00;0.09;0.09;0.00;0.09;10;4;40.0;0.87;0.35;0.00;0.00;22.2;0;0;0;3;0;0;17;18;1;4;15;15;0;0;0;142;63;48;56.8
520;Manu Trigueros;ESP;CC;Villarreal;29;1991;27;24;1988;22.1;1;5;1;0;0;6;0;0.05;0.23;0.27;0.05;0.27;24;6;25.0;1.09;0.27;0.04;0.17;21.3;0;0;0;6;0;0;43;32;1;14;11;28;1;0;0;180;15;26;36.6
521;Francisco Trincão;POR;DL,CC;Barcelona;21;1999;23;2;593;6.6;3;2;3;0;0;1;0;0.46;0.30;0.76;0.46;0.76;22;12;54.5;3.34;1.82;0.14;0.25;16.2;0;0;0;1;0;0;6;10;8;11;4;3;0;0;0;39;4;7;36.4
522;Kieran Trippier; ENG;DF;Atlético Madrid;30;1990;19;19;1710;19.0;0;6;0;0;0;0;0;0.00;0.32;0.32;0.00;0.32;2;1;50.0;0.11;0.05;0.00;0.00;17.3;1;0;0;0;0;0;21;13;4;55;21;30;0;0;0;181;39;19;67.2
523;Samuel Umtiti;FRA;DF;Barcelona;27;1993;10;5;494;5.5;0;0;0;0;0;1;0;0.00;0.00;0.00;0.00;0.00;0;0;;0.00;0.00;;;;0;0;0;1;0;0;10;6;0;0;12;4;0;0;0;50;13;4;76.5
524;Enes Ünal;TUR;DL;Getafe;23;1997;20;8;774;8.6;1;2;1;0;0;3;0;0.12;0.23;0.35;0.12;0.35;17;3;17.6;1.98;0.35;0.06;0.33;12.8;2;0;0;3;0;0;27;23;4;3;1;5;0;0;0;41;61;73;45.5
525;Tomáš Vaclík;CZE;PO;Sevilla;32;1989;4;4;360;4.0;0;0;0;0;0;0;0;0.00;0.00;0.00;0.00;0.00;0;0;;0.00;0.00;;;;0;0;0;0;0;0;0;1;0;0;0;0;0;0;0;17;0;0;
526;Eugeni Valderrama;ESP;DL,CC;Huesca;26;1994;3;1;115;1.3;0;0;0;0;0;0;0;0.00;0.00;0.00;0.00;0.00;0;0;;0.00;0.00;;;;0;0;0;0;0;0;0;3;0;0;3;1;0;0;0;9;1;0;100.0
527;Jesús Vallejo;ESP;DF;Granada;24;1997;18;12;1133;12.6;0;0;0;0;0;1;1;0.00;0.00;0.00;0.00;0.00;1;0;0.0;0.08;0.00;0.00;;12.0;0;0;0;1;1;0;9;5;1;1;7;7;0;0;0;86;22;19;53.7
528;Manu Vallejo;ESP;DL;Valencia;24;1997;25;8;835;9.3;5;0;5;0;0;1;0;0.54;0.00;0.54;0.54;0.54;15;11;73.3;1.62;1.19;0.33;0.45;11.5;0;0;0;1;0;0;12;19;4;8;5;8;1;0;0;46;7;22;24.1
529;Federico Valverde;URU;CC;Real Madrid;22;1998;19;10;939;10.4;3;1;3;0;0;0;0;0.29;0.10;0.38;0.29;0.38;17;7;41.2;1.63;0.67;0.18;0.43;18.0;0;0;0;0;0;0;8;7;1;16;13;9;0;0;0;84;6;7;46.2
530;Raphaël Varane;FRA;DF;Real Madrid;27;1993;27;27;2430;27.0;2;0;2;0;0;1;0;0.07;0.00;0.07;0.07;0.07;17;4;23.5;0.63;0.15;0.12;0.50;8.9;0;0;0;1;0;0;12;10;0;1;33;11;0;0;1;238;62;22;73.8
531;Denis Vavro;SVK;DF;Huesca;24;1996;3;1;119;1.3;0;0;0;0;0;0;0;0.00;0.00;0.00;0.00;0.00;2;1;50.0;1.51;0.76;0.00;0.00;28.9;0;0;0;0;0;0;0;1;0;1;4;0;0;0;0;17;2;1;66.7
532;Franco Vázquez;ARG;DL,CC;Sevilla;32;1989;10;0;80;0.9;1;0;1;0;0;1;0;1.13;0.00;1.13;1.13;1.13;2;1;50.0;2.25;1.13;0.50;1.00;16.5;0;0;0;1;0;0;3;4;1;2;0;2;0;0;0;13;7;3;70.0
533;Kevin Vázquez;ESP;DF;Celta Vigo;28;1993;2;1;100;1.1;0;0;0;0;0;2;0;0.00;0.00;0.00;0.00;0.00;0;0;;0.00;0.00;;;;0;0;0;2;0;0;1;0;0;2;1;4;0;0;0;13;0;2;0.0
534;Lucas Vázquez;ESP;DF,DL;Real Madrid;29;1991;23;20;1806;20.1;2;4;2;0;0;3;0;0.10;0.20;0.30;0.10;0.30;21;7;33.3;1.05;0.35;0.10;0.29;19.2;0;0;0;3;0;0;31;30;3;80;15;42;0;0;0;129;10;15;40.0
535;Koke Vegas;ESP;PO;Levante;25;1995;1;1;90;1.0;0;0;0;0;0;1;0;0.00;0.00;0.00;0.00;0.00;0;0;;0.00;0.00;;;;0;0;0;1;0;0;0;0;0;0;0;0;0;0;0;8;0;0;
536;Gabriel Veiga;ESP;CC,DF;Celta Vigo;18;2002;5;1;113;1.3;0;0;0;0;0;0;0;0.00;0.00;0.00;0.00;0.00;0;0;;0.00;0.00;;;;0;0;0;0;0;0;4;3;0;1;0;1;0;0;0;7;0;4;0.0
537;Unai Vencedor Paris;ESP;CC;Athletic Club;20;2000;21;14;1237;13.7;0;0;0;0;0;4;0;0.00;0.00;0.00;0.00;0.00;7;1;14.3;0.51;0.07;0.00;0.00;22.4;0;0;0;4;0;0;23;18;0;3;12;19;1;0;0;137;12;14;46.2
538;Gonzalo Verdú;ESP;DF;Elche;32;1988;28;28;2520;28.0;0;2;0;0;0;8;0;0.00;0.07;0.07;0.00;0.07;9;4;44.4;0.32;0.14;0.00;0.00;14.9;2;0;0;8;0;0;26;35;2;3;40;22;0;3;0;192;60;39;60.6
539;Mikel Vesga;ESP;CC;Athletic Club;27;1993;21;14;1198;13.3;0;1;0;0;0;6;0;0.00;0.08;0.08;0.00;0.08;19;4;21.1;1.43;0.30;0.00;0.00;15.7;0;0;0;6;0;0;35;7;1;3;19;19;0;0;0;154;35;23;60.3
540;Rúben Vezo;POR;DF;Levante;26;1994;24;20;1849;20.5;1;0;1;0;0;6;0;0.05;0.00;0.05;0.05;0.05;5;2;40.0;0.24;0.10;0.20;0.50;14.1;0;0;0;6;0;0;25;17;0;3;22;20;0;1;0;201;46;28;62.2
541;Iñigo Vicente;ESP;DL;Athletic Club;23;1998;2;0;33;0.4;0;0;0;0;0;0;0;0.00;0.00;0.00;0.00;0.00;1;0;0.0;2.73;0.00;0.00;;21.8;0;0;0;0;0;0;0;0;0;6;0;1;0;0;0;10;0;0;
542;Fede Vico;ESP;DL,CC;Granada;26;1994;13;6;440;4.9;0;0;0;0;0;1;0;0.00;0.00;0.00;0.00;0.00;7;4;57.1;1.43;0.82;0.00;0.00;24.0;1;0;0;1;0;0;3;12;1;14;5;7;0;0;0;36;2;5;28.6
543;Aleix Vidal;ESP;DF;Sevilla;31;1989;11;4;505;5.6;0;1;0;0;0;1;0;0.00;0.18;0.18;0.00;0.18;1;0;0.0;0.18;0.00;0.00;;25.0;0;0;0;1;0;0;4;14;0;12;8;11;0;0;0;53;8;7;53.3
544;Nacho Vidal;ESP;DF;Osasuna;26;1995;27;19;1805;20.1;0;0;0;0;0;8;0;0.00;0.00;0.00;0.00;0.00;6;2;33.3;0.30;0.10;0.00;0.00;18.4;0;0;0;8;0;0;35;31;1;29;32;23;0;0;0;174;49;28;63.6
545;Toni Villa;ESP;CC,DL;Valladolid;26;1995;17;7;732;8.1;2;0;2;0;0;2;0;0.25;0.00;0.25;0.25;0.25;12;4;33.3;1.48;0.49;0.17;0.50;17.9;0;0;0;2;0;0;12;23;3;17;3;16;2;0;0;57;5;13;27.8
546;Asier Villalibre;ESP;DL;Athletic Club;23;1997;26;8;966;10.7;4;1;4;0;0;1;0;0.37;0.09;0.47;0.37;0.47;21;10;47.6;1.96;0.93;0.19;0.40;12.1;0;0;0;1;0;0;13;23;4;13;2;3;0;0;0;26;41;36;53.2
547;Iván Villar;ESP;PO;Celta Vigo;23;1997;12;10;971;10.8;0;0;0;0;0;1;0;0.00;0.00;0.00;0.00;0.00;0;0;;0.00;0.00;;;;0;0;0;1;0;0;0;2;0;0;0;0;0;0;0;63;0;0;
548;Vitolo;ESP;CC,DF;Atlético Madrid;31;1989;7;3;237;2.6;0;0;0;0;0;1;0;0.00;0.00;0.00;0.00;0.00;1;0;0.0;0.38;0.00;0.00;;9.8;0;0;0;1;0;0;2;7;1;1;1;3;1;0;0;18;6;3;66.7
549;Šime Vrsaljko;CRO;DF;Atlético Madrid;29;1992;8;6;506;5.6;0;0;0;0;0;2;0;0.00;0.00;0.00;0.00;0.00;0;0;;0.00;0.00;;;;0;0;0;2;0;0;8;4;1;19;6;13;0;0;0;33;14;14;50.0
550;Nikola Vukčević;MNE;CC;Levante;29;1991;13;11;810;9.0;0;0;0;0;0;4;0;0.00;0.00;0.00;0.00;0.00;2;0;0.0;0.22;0.00;0.00;;5.4;0;0;0;4;0;0;18;7;0;2;5;7;0;1;0;57;16;8;66.7
551;Daniel Wass;DEN;CC,DF;Valencia;31;1989;28;28;2378;26.4;3;1;3;0;0;6;0;0.11;0.04;0.15;0.11;0.15;30;10;33.3;1.14;0.38;0.10;0.30;23.5;7;0;0;6;0;0;28;26;7;43;21;29;0;0;0;242;43;44;49.4
552;Shon Weissman;ISR;DL;Valladolid;25;1996;24;18;1535;17.1;4;0;4;0;0;3;0;0.23;0.00;0.23;0.23;0.23;24;12;50.0;1.41;0.70;0.17;0.33;12.2;0;0;0;3;0;0;23;15;19;4;3;5;1;0;0;64;22;56;28.2
553;Iñaki Williams;ESP;DL;Athletic Club;26;1994;29;26;2157;24.0;5;5;4;1;1;1;0;0.21;0.21;0.42;0.17;0.38;48;16;33.3;2.00;0.67;0.08;0.25;15.2;0;1;1;1;0;0;14;31;11;43;3;7;0;0;0;76;39;65;37.5
554;Jawad El Yamiq;MAR;DF;Valladolid;29;1992;13;9;839;9.3;0;1;0;0;0;3;0;0.00;0.11;0.11;0.00;0.11;3;1;33.3;0.32;0.11;0.00;0.00;11.7;0;0;0;3;0;0;6;12;1;0;18;9;0;1;0;81;38;16;70.4
555;Rubén Yáñez;ESP;PO;Getafe;27;1993;9;9;810;9.0;0;0;0;0;0;2;0;0.00;0.00;0.00;0.00;0.00;0;0;;0.00;0.00;;;;0;0;0;2;0;0;2;1;0;0;0;0;0;0;0;39;0;0;
556;Yoel;ESP;PO;Eibar;32;1988;2;1;120;1.3;0;0;0;0;0;0;0;0.00;0.00;0.00;0.00;0.00;0;0;;0.00;0.00;;;;0;0;0;0;0;0;0;0;0;0;0;0;0;0;0;14;0;0;
557;Okay Yokuşlu;TUR;CC;Celta Vigo;27;1994;12;3;462;5.1;0;0;0;0;0;4;1;0.00;0.00;0.00;0.00;0.00;3;0;0.0;0.58;0.00;0.00;;16.8;0;0;0;4;1;0;13;6;2;0;10;10;0;0;0;56;11;10;52.4
558;Joseba Zaldúa;ESP;DF;Real Sociedad;28;1992;8;5;493;5.5;0;0;0;0;0;2;0;0.00;0.00;0.00;0.00;0.00;1;0;0.0;0.18;0.00;0.00;;18.4;0;0;0;2;0;0;12;5;0;17;3;5;0;0;0;46;15;5;75.0
559;Oier Zarraga;ESP;CC;Athletic Club;22;1999;5;1;100;1.1;0;0;0;0;0;0;0;0.00;0.00;0.00;0.00;0.00;1;0;0.0;0.90;0.00;0.00;;16.0;0;0;0;0;0;0;0;2;0;1;0;1;0;0;0;6;0;2;0.0
560;Igor Zubeldia;ESP;DF;Real Sociedad;24;1997;21;19;1757;19.5;0;1;0;0;0;5;0;0.00;0.05;0.05;0.00;0.05;8;2;25.0;0.41;0.10;0.00;0.00;17.7;0;0;0;5;0;0;27;10;2;6;20;19;0;0;0;201;49;27;64.5
561;Martín Zubimendi;ESP;CC;Real Sociedad;22;1999;23;12;1284;14.3;0;0;0;0;0;5;0;0.00;0.00;0.00;0.00;0.00;6;1;16.7;0.42;0.07;0.00;0.00;13.0;0;0;0;5;0;0;19;14;0;2;20;14;0;0;0;138;37;20;64.9
562;Martin Ødegaard;NOR;CC,DL;Real Madrid;22;1998;7;3;234;2.6;0;0;0;0;0;0;0;0.00;0.00;0.00;0.00;0.00;3;0;0.0;1.15;0.00;0.00;;19.9;0;0;0;0;0;0;1;1;1;2;1;0;0;0;0;15;2;3;40.0
